,Player ID,Player Name,Height,Weight,Birthday,Age,School,Team ID,TEAM_NAME,TEAM_CITY,DRAFT_YEAR,YEAR_TOTAL,DRAFT_ROUND,DRAFT_NUMBER,Player,PER
0,1626153,Delon Wright,5-Jun,185,26-Apr-92,30,Utah,1610612737,Wizards,Washington,2015,7,1,20,Delon Wright,13.8
1,1630552,Jalen Johnson,8-Jun,219,18-Dec-01,20,Duke,1610612737,Hawks,Atlanta,2021,1,1,20,Jalen Johnson,11.3
2,1630536,Sharife Cooper,1-Jun,176,11-Jun-01,21,Auburn,1610612737,Hawks,Atlanta,2021,1,2,48,Sharife Cooper,-5.4
3,1628989,Kevin Huerter,7-Jun,198,27-Aug-98,23,Maryland,1610612737,Kings,Sacramento,2018,4,1,19,Kevin Huerter,11.9
4,1630219,Skylar Mays,4-Jun,205,5-Sep-97,24,Louisiana State,1610612737,Hawks,Atlanta,2020,2,2,50,Skylar Mays,11.7
5,1628995,Kevin Knox II,7-Jun,215,11-Aug-99,22,Kentucky,1610612737,Pistons,Detroit,2018,4,1,9,Kevin Knox II,10.9
6,101150,Lou Williams,2-Jun,175,27-Oct-86,35,South Gwinnett HS (GA),1610612737,Hawks,Atlanta,2005,17,2,45,Lou Williams,12.1
7,1627789,Timothe Luwawu-Cabarrot,7-Jun,215,9-May-95,27,                                   ,1610612737,Hawks,Atlanta,2016,6,1,24,Timothe Luwawu-Cabarrot,9.3
8,201568,Danilo Gallinari,10-Jun,236,8-Aug-88,33,Olimpia Milano,1610612737,Celtics,Boston,2008,14,1,6,Danilo Gallinari,14.3
9,203476,Gorgui Dieng,10-Jun,248,18-Jan-90,32,Louisville,1610612737,Spurs,San Antonio,2013,9,1,21,Gorgui Dieng,17.3
10,1629027,Trae Young,1-Jun,164,19-Sep-98,23,Oklahoma,1610612737,Hawks,Atlanta,2018,4,1,5,Trae Young,25.4
11,1629631,De'Andre Hunter,8-Jun,221,2-Dec-97,24,Virginia,1610612737,Hawks,Atlanta,2019,3,1,4,De'Andre Hunter,10.6
12,203992,Bogdan Bogdanovic,6-Jun,225,18-Aug-92,29,Fenerbahce,1610612737,Hawks,Atlanta,2014,8,1,27,Bogdan Bogdanovic,15.4
13,203991,Clint Capela,10-Jun,256,18-May-94,28,Elan Chalon,1610612737,Hawks,Atlanta,2014,8,1,25,Clint Capela,21.4
14,1630168,Onyeka Okongwu,8-Jun,240,11-Dec-00,21,Southern California,1610612737,Hawks,Atlanta,2020,2,1,6,Onyeka Okongwu,19.8
15,1628381,John Collins,9-Jun,226,23-Sep-97,24,Wake Forest,1610612737,Hawks,Atlanta,2017,5,1,19,John Collins,18.7
16,1630602,Chaundee Brown Jr.,5-Jun,215,4-Dec-98,23,Michigan,1610612737,Hawks,Atlanta,Undrafted,0,3,61,Chaundee Brown Jr.,6.4
17,1630346,Matt Ryan,7-Jun,215,17-Apr-97,25,Tennessee-Chattanooga,1610612738,Lakers,Los Angeles,Undrafted,0,3,61,Matt Ryan,3.5
18,1628369,Jayson Tatum,8-Jun,210,3-Mar-98,24,Duke,1610612738,Celtics,Boston,2017,5,1,3,Jayson Tatum,21.8
19,1627759,Jaylen Brown,6-Jun,223,24-Oct-96,25,California,1610612738,Celtics,Boston,2016,6,1,3,Jaylen Brown,18.9
20,1630238,Malik Fitts,5-Jun,230,4-Jul-97,24,St. Mary's College,1610612738,Celtics,Boston,Undrafted,0,3,61,Malik Fitts,10.7
21,1628401,Derrick White,4-Jun,190,2-Jul-94,27,Colorado,1610612738,Celtics,Boston,2017,5,1,29,Derrick White,14.8
22,1630202,Payton Pritchard,1-Jun,195,28-Jan-98,24,Oregon,1610612738,Celtics,Boston,2020,2,1,26,Payton Pritchard,15
23,1629684,Grant Williams,6-Jun,236,30-Nov-98,23,Tennessee,1610612738,Celtics,Boston,2019,3,1,22,Grant Williams,11.2
24,203917,Nik Stauskas,6-Jun,207,7-Oct-93,28,Michigan,1610612738,Celtics,Boston,2014,8,1,8,Nik Stauskas,10.5
25,1629752,Juwan Morgan,7-Jun,232,17-Apr-97,25,Indiana,1610612738,Celtics,Boston,Undrafted,0,3,61,Juwan Morgan,8.3
26,1630174,Aaron Nesmith,5-Jun,215,16-Oct-99,22,Vanderbilt,1610612738,Pacers,Indiana,2020,2,1,14,Aaron Nesmith,7.3
27,1628464,Daniel Theis,9-Jun,245,4-Apr-92,30,Brose Bamberg,1610612738,Pacers,Indiana,Undrafted,0,3,61,Daniel Theis,13.2
28,1630573,Sam Hauser,7-Jun,217,8-Dec-97,24,Virginia,1610612738,Celtics,Boston,Undrafted,0,3,61,Sam Hauser,14.8
29,203935,Marcus Smart,4-Jun,220,6-Mar-94,28,Oklahoma State,1610612738,Celtics,Boston,2014,8,1,6,Marcus Smart,13.6
30,1628436,Luke Kornet,2-Jul,250,15-Jul-95,26,Vanderbilt,1610612738,Celtics,Boston,Undrafted,0,3,61,Luke Kornet,16.6
31,201143,Al Horford,9-Jun,240,3-Jun-86,36,Florida,1610612738,Celtics,Boston,2007,15,1,3,Al Horford,16.7
32,1629057,Robert Williams III,9-Jun,237,17-Oct-97,24,Texas A&M,1610612738,Celtics,Boston,2018,4,1,27,Robert Williams III,22.1
33,1630271,Brodric Thomas,5-Jun,185,28-Jan-97,25,,1610612738,Celtics,Boston,Undrafted,0,3,61,Brodric Thomas,10
34,201567,Kevin Love,8-Jun,251,7-Sep-88,33,UCLA,1610612739,Cavaliers,Cleveland,2008,14,1,5,Kevin Love,19.6
35,1629164,Brandon Goodwin,Jun-00,180,2-Oct-95,26,Florida Gulf Coast,1610612739,Cavaliers,Cleveland,Undrafted,0,3,61,Brandon Goodwin,11.8
36,200765,Rajon Rondo,1-Jun,180,22-Feb-86,36,Kentucky,1610612739,Cavaliers,Cleveland,2006,16,1,21,Rajon Rondo,10.9
37,1629012,Collin Sexton,1-Jun,190,4-Jan-99,23,Alabama,1610612739,Jazz,Utah,2018,4,1,8,Collin Sexton,11.2
38,1627747,Caris LeVert,6-Jun,205,25-Aug-94,27,Michigan,1610612739,Cavaliers,Cleveland,2016,6,1,20,Caris LeVert,15.1
39,1630596,Evan Mobley,11-Jun,215,18-Jun-01,21,Southern California,1610612739,Cavaliers,Cleveland,2021,1,1,3,Evan Mobley,16.1
40,1630612,RJ Nembhard Jr.,4-Jun,200,22-Mar-99,23,Texas Christian,1610612739,Cavaliers,Cleveland,Undrafted,0,3,61,RJ Nembhard Jr.,8
41,1629650,Moses Brown,2-Jul,245,13-Oct-99,22,UCLA,1610612739,Clippers,LA,Undrafted,0,3,61,Moses Brown,18.5
42,1630205,Lamar Stevens,6-Jun,230,9-Jul-97,24,Penn State,1610612739,Cavaliers,Cleveland,Undrafted,0,3,61,Lamar Stevens,11.3
43,1629685,Dylan Windler,6-Jun,196,22-Sep-96,25,Belmont,1610612739,Cavaliers,Cleveland,2019,3,1,26,Dylan Windler,8.8
44,1629636,Darius Garland,1-Jun,192,26-Jan-00,22,Vanderbilt,1610612739,Cavaliers,Cleveland,2019,3,1,5,Darius Garland,19
45,1626224,Cedi Osman,7-Jun,230,8-Apr-95,27,Anadolu Efes,1610612739,Cavaliers,Cleveland,2015,7,2,31,Cedi Osman,13.3
46,202334,Ed Davis,9-Jun,218,5-Jun-89,33,North Carolina,1610612739,Cavaliers,Cleveland,2010,12,1,13,Ed Davis,9.3
47,1628374,Lauri Markkanen,11-Jun,240,22-May-97,25,Arizona,1610612739,Jazz,Utah,2017,5,1,7,Lauri Markkanen,14.7
48,1628386,Jarrett Allen,10-Jun,243,21-Apr-98,24,Texas,1610612739,Cavaliers,Cleveland,2017,5,1,22,Jarrett Allen,23
49,1629731,Dean Wade,9-Jun,228,20-Nov-96,25,Kansas State,1610612739,Cavaliers,Cleveland,Undrafted,0,3,61,Dean Wade,10.1
50,1630171,Isaac Okoro,5-Jun,225,26-Jan-01,21,Auburn,1610612739,Cavaliers,Cleveland,2020,2,1,5,Isaac Okoro,10.4
52,1629607,Jared Harper,10-May,175,14-Sep-97,24,Auburn,1610612740,Pelicans,New Orleans,Undrafted,0,3,61,Jared Harper,36.9
53,203468,CJ McCollum,3-Jun,190,19-Sep-91,30,Lehigh,1610612740,Pelicans,New Orleans,2013,9,1,10,CJ McCollum,18.3
54,1628984,Devonte' Graham,1-Jun,195,22-Feb-95,27,Kansas,1610612740,Pelicans,New Orleans,2018,4,2,34,Devonte' Graham,12.1
55,1630529,Herbert Jones,7-Jun,206,6-Oct-98,23,Alabama,1610612740,Pelicans,New Orleans,2021,1,2,35,Herbert Jones,12.3
56,1630230,Naji Marshall,7-Jun,220,24-Jan-98,24,Xavier,1610612740,Pelicans,New Orleans,Undrafted,0,3,61,Naji Marshall,12.3
57,1626195,Willy Hernangomez,11-Jun,250,27-May-94,28,Cajasol Sevilla,1610612740,Pelicans,New Orleans,2015,7,2,35,Willy Hernangomez,22.2
58,1629637,Jaxson Hayes,11-Jun,220,23-May-00,22,Texas,1610612740,Pelicans,New Orleans,2019,3,1,8,Jaxson Hayes,18.5
59,1629109,Gary Clark,6-Jun,225,16-Nov-94,27,Cincinnati,1610612740,Pelicans,New Orleans,Undrafted,0,3,61,Gary Clark,11.4
60,1630184,Kira Lewis Jr.,1-Jun,170,6-Apr-01,21,Alabama,1610612740,Pelicans,New Orleans,2020,2,1,13,Kira Lewis Jr.,9.8
61,1627742,Brandon Ingram,8-Jun,190,2-Sep-97,24,Duke,1610612740,Pelicans,New Orleans,2016,6,1,2,Brandon Ingram,18.7
62,1630631,Jose Alvarado,Jun-00,179,12-Apr-98,24,Georgia Tech,1610612740,Pelicans,New Orleans,Undrafted,0,3,61,Jose Alvarado,16.4
63,202685,Jonas Valanciunas,11-Jun,265,6-May-92,30,Lietuvos rytas Vilnius,1610612740,Pelicans,New Orleans,2011,11,1,5,Jonas Valanciunas,21.2
64,203503,Tony Snell,6-Jun,213,10-Nov-91,30,New Mexico,1610612740,Pelicans,New Orleans,2013,9,1,20,Tony Snell,6.3
65,1626204,Larry Nance Jr.,7-Jun,245,1-Jan-93,29,Wyoming,1610612740,Pelicans,New Orleans,2015,7,1,27,Larry Nance Jr.,14.4
66,1630530,Trey Murphy III,8-Jun,206,18-Jun-00,22,Virginia,1610612740,Pelicans,New Orleans,2021,1,1,17,Trey Murphy III,12.5
67,202066,Garrett Temple,5-Jun,195,8-May-86,36,Louisiana State,1610612740,Pelicans,New Orleans,Undrafted,0,3,61,Garrett Temple,8.6
68,1629632,Coby White,4-Jun,195,16-Feb-00,22,North Carolina,1610612741,Bulls,Chicago,2019,3,1,7,Coby White,12.6
69,1628366,Lonzo Ball,6-Jun,190,27-Oct-97,24,UCLA,1610612741,Bulls,Chicago,2017,5,1,2,Lonzo Ball,14.5
70,202684,Tristan Thompson,9-Jun,254,13-Mar-91,31,University of Texas at Austin,1610612741,Bulls,Chicago,2011,11,1,4,Tristan Thompson,14.9
71,1627884,Derrick Jones Jr.,6-Jun,210,15-Feb-97,25,UNLV,1610612741,Bulls,Chicago,Undrafted,0,3,61,Derrick Jones Jr.,13
72,1627936,Alex Caruso,5-Jun,186,28-Feb-94,28,Texas A&M,1610612741,Bulls,Chicago,Undrafted,0,3,61,Alex Caruso,11.7
73,1628972,Troy Brown Jr.,6-Jun,215,28-Jul-99,22,Oregon,1610612741,Lakers,Los Angeles,2018,4,1,15,Troy Brown Jr.,10.1
74,203897,Zach LaVine,5-Jun,200,10-Mar-95,27,UCLA,1610612741,Bulls,Chicago,2014,8,1,13,Zach LaVine,20
75,202696,Nikola Vucevic,10-Jun,260,24-Oct-90,31,Southern California,1610612741,Bulls,Chicago,2011,11,1,16,Nikola Vucevic,18.2
76,201942,DeMar DeRozan,6-Jun,220,7-Aug-89,32,Southern California,1610612741,Bulls,Chicago,2009,13,1,9,DeMar DeRozan,23.1
77,1630245,Ayo Dosunmu,4-Jun,200,17-Jan-00,22,Illinois,1610612741,Bulls,Chicago,2021,1,2,38,Ayo Dosunmu,11.2
78,1628396,Tony Bradley,10-Jun,248,8-Jan-98,24,North Carolina,1610612741,Bulls,Chicago,2017,5,1,28,Tony Bradley,14.9
79,1630792,Malcolm Hill,6-Jun,220,26-Oct-95,26,Illinois,1610612741,Bulls,Chicago,Undrafted,0,3,61,Malcolm Hill,12.7
80,1630250,Marko Simonovic,11-Jun,220,15-Oct-99,22,Mega Basket,1610612741,Bulls,Chicago,2020,2,2,44,Marko Simonovic,10.2
81,1629744,Matt Thomas,3-Jun,190,4-Aug-94,27,Iowa State,1610612741,Bulls,Chicago,Undrafted,0,3,61,Matt Thomas,9.9
82,1629750,Javonte Green,5-Jun,205,23-Jul-93,28,Radford,1610612741,Bulls,Chicago,Undrafted,0,3,61,Javonte Green,14
83,1629076,Tyler Cook,8-Jun,255,23-Sep-97,24,Iowa,1610612741,Bulls,Chicago,Undrafted,0,3,61,Tyler Cook,13
84,1630172,Patrick Williams,7-Jun,215,26-Aug-01,20,Florida State,1610612741,Bulls,Chicago,2020,2,1,4,Patrick Williams,12.7
85,1628425,Sterling Brown,5-Jun,219,10-Feb-95,27,Southern Methodist,1610612742,Mavericks,Dallas,2017,5,2,46,Sterling Brown,8.4
86,1629033,Theo Pinson,5-Jun,212,5-Nov-95,26,North Carolina,1610612742,Mavericks,Dallas,Undrafted,0,3,61,Theo Pinson,11.9
87,203504,Trey Burke,Jun-00,185,12-Nov-92,29,Michigan,1610612742,Mavericks,Dallas,2013,9,1,9,Trey Burke,10
88,1630589,Moses Wright,8-Jun,226,23-Dec-98,23,Georgia Tech,1610612742,Mavericks,Dallas,Undrafted,0,3,61,Moses Wright,18.3
89,203939,Dwight Powell,10-Jun,240,20-Jul-91,30,Stanford,1610612742,Mavericks,Dallas,2014,8,2,45,Dwight Powell,18.1
90,1630182,Josh Green,5-Jun,200,16-Nov-00,21,Arizona,1610612742,Mavericks,Dallas,2020,2,1,18,Josh Green,11.9
91,1627827,Dorian Finney-Smith,7-Jun,220,4-May-93,29,Florida,1610612742,Mavericks,Dallas,Undrafted,0,3,61,Dorian Finney-Smith,12.5
92,203501,Tim Hardaway Jr.,5-Jun,205,16-Mar-92,30,Michigan,1610612742,Mavericks,Dallas,2013,9,1,24,Tim Hardaway Jr.,12.7
93,1628973,Jalen Brunson,1-Jun,190,31-Aug-96,25,Villanova,1610612742,Knicks,New York,2018,4,2,33,Jalen Brunson,17.1
94,1628373,Frank Ntilikina,4-Jun,200,28-Jul-98,23,Strasbourg IG,1610612742,Mavericks,Dallas,2017,5,1,8,Frank Ntilikina,10.4
95,203493,Reggie Bullock,6-Jun,205,16-Mar-91,31,North Carolina,1610612742,Mavericks,Dallas,2013,9,1,25,Reggie Bullock,9.2
96,203915,Spencer Dinwiddie,6-Jun,215,6-Apr-93,29,Colorado,1610612742,Mavericks,Dallas,2014,8,2,38,Spencer Dinwiddie,15.1
97,1627737,Marquese Chriss,9-Jun,240,2-Jul-97,24,Washington,1610612742,Mavericks,Dallas,2016,6,1,8,Marquese Chriss,14.8
98,1628467,Maxi Kleber,10-Jun,240,29-Jan-92,30,Bayern Munich,1610612742,Mavericks,Dallas,Undrafted,0,3,61,Maxi Kleber,11
99,202722,Davis Bertans,10-Jun,225,12-Nov-92,29,Baskonia,1610612742,Mavericks,Dallas,2011,11,2,42,Davis Bertans,9.4
100,1626246,Boban Marjanovic,3-Jul,290,15-Aug-88,33,Crvena zvezda,1610612742,Rockets,Houston,Undrafted,0,3,61,Boban Marjanovic,18.5
101,1629029,Luka Doncic,7-Jun,230,28-Feb-99,23,Real Madrid,1610612742,Mavericks,Dallas,2018,4,1,3,Luka Doncic,25.1
102,1630210,Markus Howard,10-May,175,3-Mar-99,23,Marquette,1610612743,Nuggets,Denver,Undrafted,0,3,61,Markus Howard,16.1
103,203210,JaMychal Green,8-Jun,227,21-Jun-90,32,Alabama,1610612743,Warriors,Golden State,Undrafted,0,3,61,JaMychal Green,14.1
104,1629008,Michael Porter Jr.,10-Jun,218,29-Jun-98,24,Missouri,1610612743,Nuggets,Denver,2018,4,1,14,Michael Porter Jr.,7.5
105,1630538,Bones Hyland,2-Jun,169,14-Sep-00,21,Virginia Commonwealth,1610612743,Nuggets,Denver,2021,1,1,26,Bones Hyland,14.4
106,202326,DeMarcus Cousins,10-Jun,270,13-Aug-90,31,Kentucky,1610612743,Nuggets,Denver,2010,12,1,5,DeMarcus Cousins,18.2
107,203115,Will Barton,5-Jun,181,6-Jan-91,31,Memphis,1610612743,Wizards,Washington,2012,10,2,40,Will Barton,13.4
108,1627854,Bryn Forbes,2-Jun,205,23-Jul-93,28,Michigan State,1610612743,Timberwolves,Minnesota,Undrafted,0,3,61,Bryn Forbes,11.5
109,1630267,Facundo Campazzo,10-May,195,23-Mar-91,31,Murcia,1610612743,Mavericks,Dallas,Undrafted,0,3,61,Facundo Campazzo,11.1
110,1628432,Davon Reed,5-Jun,206,11-Jun-95,27,Miami,1610612743,Nuggets,Denver,2017,5,2,32,Davon Reed,12.2
111,1628420,Monte Morris,2-Jun,183,27-Jun-95,27,Iowa State,1610612743,Wizards,Washington,2017,5,2,51,Monte Morris,14.7
112,203999,Nikola Jokic,11-Jun,284,19-Feb-95,27,Mega Basket,1610612743,Nuggets,Denver,2014,8,2,41,Nikola Jokic,32.8
113,1630192,Zeke Nnaji,9-Jun,240,9-Jan-01,21,Arizona,1610612743,Nuggets,Denver,2020,2,1,22,Zeke Nnaji,13.5
114,203085,Austin Rivers,4-Jun,200,1-Aug-92,29,Duke,1610612743,Timberwolves,Minnesota,2012,10,1,10,Austin Rivers,7.2
116,1628427,Vlatko Cancar,8-Jun,236,10-Apr-97,25,San Pablo Burgos,1610612743,Nuggets,Denver,2017,5,2,49,Vlatko Cancar,12.7
117,201145,Jeff Green,8-Jun,235,28-Aug-86,35,Georgetown,1610612743,Nuggets,Denver,2007,15,1,5,Jeff Green,12.5
118,203932,Aaron Gordon,8-Jun,235,16-Sep-95,26,Arizona,1610612743,Nuggets,Denver,2014,8,1,4,Aaron Gordon,15.3
119,1630228,Jonathan Kuminga,7-Jun,225,6-Oct-02,19,NBA G League Ignite,1610612744,Warriors,Golden State,2021,1,1,7,Jonathan Kuminga,15.2
120,1627780,Gary Payton II,3-Jun,195,1-Dec-92,29,Oregon State,1610612744,Trail Blazers,Portland,Undrafted,0,3,61,Gary Payton II,17.8
121,1627814,Damion Lee,5-Jun,210,21-Oct-92,29,Drexel,1610612744,Suns,Phoenix,Undrafted,0,3,61,Damion Lee,10.9
122,1629185,Chris Chiozza,11-May,175,21-Nov-95,26,Florida,1610612744,Warriors,Golden State,Undrafted,0,3,61,Chris Chiozza,4.4
123,1629673,Jordan Poole,4-Jun,194,19-Jun-99,23,Michigan,1610612744,Warriors,Golden State,2019,3,1,28,Jordan Poole,16.1
124,1630541,Moses Moody,5-Jun,211,31-May-02,20,Arkansas,1610612744,Warriors,Golden State,2021,1,1,14,Moses Moody,10.5
125,1626172,Kevon Looney,9-Jun,222,6-Feb-96,26,UCLA,1610612744,Warriors,Golden State,2015,7,1,30,Kevon Looney,15.7
126,202357,Nemanja Bjelica,9-Jun,234,9-May-88,34,Fenerbahce,1610612744,Warriors,Golden State,2010,12,2,35,Nemanja Bjelica,14.2
127,2738,Andre Iguodala,6-Jun,215,28-Jan-84,38,Arizona,1610612744,Warriors,Golden State,2004,18,1,9,Andre Iguodala,12.3
128,202691,Klay Thompson,6-Jun,220,8-Feb-90,32,Washington State,1610612744,Warriors,Golden State,2011,11,1,11,Klay Thompson,16.7
129,1629683,Quinndary Weatherspoon,3-Jun,205,10-Sep-96,25,Mississippi State,1610612744,Warriors,Golden State,2019,3,2,49,Quinndary Weatherspoon,12
130,203952,Andrew Wiggins,7-Jun,197,23-Feb-95,27,Kansas,1610612744,Warriors,Golden State,2014,8,1,1,Andrew Wiggins,15
131,203110,Draymond Green,6-Jun,230,4-Mar-90,32,Michigan State,1610612744,Warriors,Golden State,2012,10,2,35,Draymond Green,14.3
132,201939,Stephen Curry,2-Jun,185,14-Mar-88,34,Davidson,1610612744,Warriors,Golden State,2009,13,1,7,Stephen Curry,21.4
133,203490,Otto Porter Jr.,8-Jun,198,3-Jun-93,29,Georgetown,1610612744,Raptors,Toronto,2013,9,1,3,Otto Porter Jr.,15.9
135,1629308,Juan Toscano-Anderson,6-Jun,209,10-Apr-93,29,Marquette,1610612744,Lakers,Los Angeles,Undrafted,0,3,61,Juan Toscano-Anderson,11
136,1630224,Jalen Green,4-Jun,186,9-Feb-02,20,NBA G League Ignite,1610612745,Rockets,Houston,2021,1,1,2,Jalen Green,12.5
138,1628021,David Nwaba,5-Jun,219,14-Jan-93,29,Cal Poly-Obispo,1610612745,Rockets,Houston,Undrafted,0,3,61,David Nwaba,15.3
139,1629645,Kevin Porter Jr.,4-Jun,203,4-May-00,22,Southern California,1610612745,Rockets,Houston,2019,3,1,30,Kevin Porter Jr.,13.5
140,1630231,Kenyon Martin Jr.,5-Jun,215,6-Jan-01,21,IMG Academy (FL),1610612745,Rockets,Houston,2020,2,2,52,Kenyon Martin Jr.,14.3
141,1630256,Jae'Sean Tate,4-Jun,230,28-Oct-95,26,Ohio State,1610612745,Rockets,Houston,Undrafted,0,3,61,Jae'Sean Tate,14.3
142,1630528,Josh Christopher,3-Jun,215,8-Dec-01,20,Arizona State,1610612745,Rockets,Houston,2021,1,1,24,Josh Christopher,12.2
143,201569,Eric Gordon,3-Jun,215,25-Dec-88,33,Indiana,1610612745,Rockets,Houston,2008,14,1,7,Eric Gordon,12.1
144,1630227,Daishen Nix,4-Jun,226,13-Feb-02,20,NBA G League Ignite,1610612745,Rockets,Houston,Undrafted,0,3,61,Daishen Nix,8.1
145,1630586,Usman Garuba,8-Jun,229,9-Mar-02,20,Real Madrid,1610612745,Rockets,Houston,2021,1,1,23,Usman Garuba,12.9
146,203471,Dennis Schroder,1-Jun,172,15-Sep-93,28,Braunschweig,1610612745,Lakers,Los Angeles,2013,9,1,17,Dennis Schroder,13
147,1628981,Bruno Fernando,9-Jun,240,15-Aug-98,23,Maryland,1610612745,Rockets,Houston,2019,3,2,34,Bruno Fernando,21.2
148,1630243,Trevelin Queen,6-Jun,190,25-Feb-97,25,New Mexico State,1610612745,Pacers,Indiana,Undrafted,0,3,61,Trevelin Queen,18.2
149,1629726,Garrison Mathews,5-Jun,215,24-Oct-96,25,Lipscomb,1610612745,Rockets,Houston,Undrafted,0,3,61,Garrison Mathews,11
150,1630578,Alperen Sengun,10-Jun,243,25-Jul-02,19,Besiktas,1610612745,Rockets,Houston,2021,1,1,16,Alperen Sengun,16
151,1630237,Anthony Lamb,6-Jun,227,20-Jan-98,24,Vermont,1610612745,Warriors,Golden State,Undrafted,0,3,61,Anthony Lamb,-0.5
152,1626174,Christian Wood,9-Jun,214,27-Sep-95,26,UNLV,1610612745,Mavericks,Dallas,Undrafted,0,3,61,Christian Wood,19.1
153,1630206,Jay Scrubb,5-Jun,220,1-Sep-00,21,John A. Logan,1610612746,Clippers,LA,2020,2,2,55,Jay Scrubb,9.3
154,202704,Reggie Jackson,2-Jun,208,16-Apr-90,32,Boston College,1610612746,Clippers,LA,2011,11,1,24,Reggie Jackson,12.1
156,1630527,Brandon Boston,6-Jun,188,28-Nov-01,20,Kentucky,1610612746,Clippers,LA,2021,1,2,51,Brandon Boston,11.2
157,1628379,Luke Kennard,5-Jun,206,24-Jun-96,26,Duke,1610612746,Clippers,LA,2017,5,1,12,Luke Kennard,13.3
158,1629599,Amir Coffey,7-Jun,210,17-Jun-97,25,Minnesota,1610612746,Clippers,LA,Undrafted,0,3,61,Amir Coffey,13
159,202694,Marcus Morris Sr.,8-Jun,218,2-Sep-89,32,Kansas,1610612746,Clippers,LA,2011,11,1,14,Marcus Morris Sr.,13.7
160,202331,Paul George,8-Jun,220,2-May-90,32,Fresno State,1610612746,Clippers,LA,2010,12,1,10,Paul George,18.6
161,1629611,Terance Mann,5-Jun,215,18-Oct-96,25,Florida State,1610612746,Clippers,LA,2019,3,2,48,Terance Mann,13.4
162,1629875,Xavier Moon,2-Jun,165,2-Jan-95,27,Morehead State,1610612746,Clippers,LA,Undrafted,0,3,61,Xavier Moon,16.2
164,203918,Rodney Hood,8-Jun,208,20-Oct-92,29,Duke,1610612746,Clippers,LA,2014,8,1,23,Rodney Hood,7.2
165,203496,Robert Covington,7-Jun,209,14-Dec-90,31,Tennessee State,1610612746,Clippers,LA,Undrafted,0,3,61,Robert Covington,12.4
166,1626181,Norman Powell,3-Jun,215,25-May-93,29,UCLA,1610612746,Clippers,LA,2015,7,2,46,Norman Powell,16.3
167,201587,Nicolas Batum,8-Jun,230,14-Dec-88,33,Le Mans,1610612746,Clippers,LA,2008,14,1,25,Nicolas Batum,13.5
168,1627826,Ivica Zubac,Jul-00,240,18-Mar-97,25,Mega Basket,1610612746,Clippers,LA,2016,6,2,32,Ivica Zubac,19.2
169,1628392,Isaiah Hartenstein,Jul-00,250,5-May-98,24,Zalgiris,1610612746,Knicks,New York,2017,5,2,43,Isaiah Hartenstein,22
170,201566,Russell Westbrook,3-Jun,200,12-Nov-88,33,UCLA,1610612747,Lakers,Los Angeles,2008,14,1,4,Russell Westbrook,15
171,201961,Wayne Ellington,4-Jun,207,29-Nov-87,34,North Carolina,1610612747,Lakers,Los Angeles,2009,13,1,28,Wayne Ellington,9.9
172,203076,Anthony Davis,10-Jun,253,11-Mar-93,29,Kentucky,1610612747,Lakers,Los Angeles,2012,10,1,1,Anthony Davis,23.9
173,201571,D.J. Augustin,11-May,183,10-Nov-87,34,Texas-Austin,1610612747,Lakers,Los Angeles,2008,14,1,9,D.J. Augustin,9.7
174,1629659,Talen Horton-Tucker,4-Jun,234,25-Nov-00,21,Iowa State,1610612747,Jazz,Utah,2019,3,2,46,Talen Horton-Tucker,11
175,2544,LeBron James,9-Jun,250,30-Dec-84,37,St. Vincent-St. Mary HS (OH),1610612747,Lakers,Los Angeles,2003,19,1,1,LeBron James,26.2
176,2546,Carmelo Anthony,7-Jun,238,29-May-84,38,Syracuse,1610612747,Lakers,Los Angeles,2003,19,1,3,Carmelo Anthony,14.8
177,203145,Kent Bazemore,4-Jun,195,1-Jul-89,32,Old Dominion,1610612747,Lakers,Los Angeles,Undrafted,0,3,61,Kent Bazemore,6
178,1628370,Malik Monk,3-Jun,200,4-Feb-98,24,Kentucky,1610612747,Kings,Sacramento,2017,5,1,11,Malik Monk,14.4
180,1626169,Stanley Johnson,6-Jun,242,29-May-96,26,Arizona,1610612747,Lakers,Los Angeles,2015,7,1,8,Stanley Johnson,10.5
181,1630559,Austin Reaves,5-Jun,197,29-May-98,24,Oklahoma,1610612747,Lakers,Los Angeles,Undrafted,0,3,61,Austin Reaves,11.5
182,202340,Avery Bradley,3-Jun,180,26-Nov-90,31,Texas-Austin,1610612747,Lakers,Los Angeles,2010,12,1,19,Avery Bradley,7.8
183,1629117,Wenyen Gabriel,9-Jun,205,26-Mar-97,25,Kentucky,1610612747,Lakers,Los Angeles,Undrafted,0,3,61,Wenyen Gabriel,12.5
184,1630644,Mac McClung,2-Jun,185,6-Jan-99,23,Texas Tech,1610612747,Lakers,Los Angeles,Undrafted,0,3,61,Mac McClung,5.2
185,2730,Dwight Howard,10-Jun,265,8-Dec-85,36,SW Atlanta Christian Academy (GA),1610612747,Lakers,Los Angeles,2004,18,1,1,Dwight Howard,18.2
186,1630222,Mason Jones,4-Jun,200,21-Jul-98,23,Arkansas,1610612747,Lakers,Los Angeles,Undrafted,0,3,61,Mason Jones,17.8
187,1629216,Gabe Vincent,3-Jun,200,14-Jun-96,26,California-Santa Barbara,1610612748,Heat,Miami,Undrafted,0,3,61,Gabe Vincent,10.6
188,203506,Victor Oladipo,4-Jun,213,4-May-92,30,Indiana,1610612748,Heat,Miami,2013,9,1,2,Victor Oladipo,16.8
189,200768,Kyle Lowry,Jun-00,196,25-Mar-86,36,Villanova,1610612748,Heat,Miami,2006,16,1,24,Kyle Lowry,15
190,202693,Markieff Morris,9-Jun,245,2-Sep-89,32,Kansas,1610612748,Nets,Brooklyn,2011,11,1,13,Markieff Morris,10.9
191,1628539,Mychal Mulder,3-Jun,195,12-Jun-94,28,Kentucky,1610612748,Heat,Miami,Undrafted,0,3,61,Mychal Mulder,3.7
192,1628389,Bam Adebayo,9-Jun,255,18-Jul-97,24,Kentucky,1610612748,Heat,Miami,2017,5,1,14,Bam Adebayo,21.8
193,1629639,Tyler Herro,5-Jun,195,20-Jan-00,22,Kentucky,1610612748,Heat,Miami,2019,3,1,13,Tyler Herro,16.2
194,1630606,Javonte Smart,4-Jun,205,3-Jun-99,23,Louisiana State,1610612748,Heat,Miami,Undrafted,0,3,61,Javonte Smart,5.1
195,1628997,Caleb Martin,5-Jun,205,28-Sep-95,26,Nevada,1610612748,Heat,Miami,Undrafted,0,3,61,Caleb Martin,14.8
196,200782,P.J. Tucker,5-Jun,245,5-May-85,37,Texas,1610612748,76ers,Philadelphia,2006,16,2,35,P.J. Tucker,11.3
197,203473,Dewayne Dedmon,Jul-00,245,12-Aug-89,32,Southern California,1610612748,Heat,Miami,Undrafted,0,3,61,Dewayne Dedmon,15.9
198,202710,Jimmy Butler,7-Jun,230,14-Sep-89,32,Marquette,1610612748,Heat,Miami,2011,11,1,30,Jimmy Butler,23.6
199,1629312,Haywood Highsmith,4-Jun,220,9-Dec-96,25,Wheeling Jesuit,1610612748,Heat,Miami,2018,4,3,61,Haywood Highsmith,7
200,1629622,Max Strus,5-Jun,215,28-Mar-96,26,DePaul,1610612748,Heat,Miami,Undrafted,0,3,61,Max Strus,12.7
201,2617,Udonis Haslem,8-Jun,235,9-Jun-80,42,Florida,1610612748,Heat,Miami,Undrafted,0,3,61,Udonis Haslem,8.6
202,1629130,Duncan Robinson,7-Jun,215,22-Apr-94,28,Michigan,1610612748,Heat,Miami,Undrafted,0,3,61,Duncan Robinson,10.6
203,1630209,Omer Yurtseven,11-Jun,275,19-Jun-98,24,Georgetown,1610612748,Heat,Miami,Undrafted,0,3,61,Omer Yurtseven,17.4
204,201588,George Hill,4-Jun,188,4-May-86,36,Indiana-Purdue Indianapolis,1610612749,Bucks,Milwaukee,2008,14,1,26,George Hill,10.2
205,1628975,Jevon Carter,1-Jun,200,14-Sep-95,26,West Virginia,1610612749,Bucks,Milwaukee,2018,4,2,32,Jevon Carter,9.6
207,1628960,Grayson Allen,4-Jun,198,8-Oct-95,26,Duke,1610612749,Bucks,Milwaukee,2018,4,1,21,Grayson Allen,12.7
208,1626171,Bobby Portis,10-Jun,250,10-Feb-95,27,Arkansas,1610612749,Bucks,Milwaukee,2015,7,1,22,Bobby Portis,17.7
209,201572,Brook Lopez,Jul-00,282,1-Apr-88,34,Stanford,1610612749,Bucks,Milwaukee,2008,14,1,10,Brook Lopez,16
210,1629670,Jordan Nwora,8-Jun,225,9-Sep-98,23,Louisville,1610612749,Bucks,Milwaukee,2020,2,2,45,Jordan Nwora,9.9
211,201950,Jrue Holiday,3-Jun,205,12-Jun-90,32,UCLA,1610612749,Bucks,Milwaukee,2009,13,1,17,Jrue Holiday,19.8
212,203114,Khris Middleton,7-Jun,222,12-Aug-91,30,Texas A&M,1610612749,Bucks,Milwaukee,2012,10,2,39,Khris Middleton,18.1
213,202083,Wesley Matthews,4-Jun,220,14-Oct-86,35,Marquette,1610612749,Bucks,Milwaukee,Undrafted,0,3,61,Wesley Matthews,6.9
214,1626192,Pat Connaughton,5-Jun,209,6-Jan-93,29,Notre Dame,1610612749,Bucks,Milwaukee,2015,7,2,41,Pat Connaughton,13.4
215,201586,Serge Ibaka,10-Jun,235,18-Sep-89,32,Ricoh Manresa,1610612749,Bucks,Milwaukee,2008,14,1,24,Serge Ibaka,14.4
216,1629623,Lindell Wigginton,1-Jun,189,28-Mar-98,24,Iowa State,1610612749,Bucks,Milwaukee,2019,3,3,61,Lindell Wigginton,10.2
217,203507,Giannis Antetokounmpo,11-Jun,242,6-Dec-94,27,Filathlitikos,1610612749,Bucks,Milwaukee,2013,9,1,15,Giannis Antetokounmpo,32.1
218,203648,Thanasis Antetokounmpo,6-Jun,219,18-Jul-92,29,Panathinaikos,1610612749,Bucks,Milwaukee,2014,8,2,51,Thanasis Antetokounmpo,12.5
219,1630572,Sandro Mamukelashvili,9-Jun,240,23-May-99,23,Seton Hall,1610612749,Bucks,Milwaukee,2021,1,2,54,Sandro Mamukelashvili,14.7
220,1629730,Rayjon Tucker,3-Jun,209,24-Sep-97,24,Arkansas-Little Rock,1610612749,Bucks,Milwaukee,Undrafted,0,3,61,Rayjon Tucker,17.7
221,1626156,D'Angelo Russell,4-Jun,193,23-Feb-96,26,Ohio State,1610612750,Timberwolves,Minnesota,2015,7,1,2,D'Angelo Russell,16.3
222,1630162,Anthony Edwards,4-Jun,225,5-Aug-01,20,Georgia,1610612750,Timberwolves,Minnesota,2020,2,1,1,Anthony Edwards,16.5
223,1630183,Jaden McDaniels,9-Jun,185,29-Sep-00,21,Washington,1610612750,Timberwolves,Minnesota,2020,2,1,28,Jaden McDaniels,10.3
224,1629669,Jaylen Nowell,4-Jun,201,9-Jul-99,22,Washington,1610612750,Timberwolves,Minnesota,2019,3,2,43,Jaylen Nowell,16.8
225,1627736,Malik Beasley,4-Jun,187,26-Nov-96,25,Florida State,1610612750,Jazz,Utah,2016,6,1,19,Malik Beasley,11.9
226,1629162,Jordan McLaughlin,11-May,185,9-Apr-96,26,Southern California,1610612750,Timberwolves,Minnesota,Undrafted,0,3,61,Jordan McLaughlin,13.4
227,1629020,Jarred Vanderbilt,9-Jun,214,3-Apr-99,23,Kentucky,1610612750,Jazz,Utah,2018,4,2,41,Jarred Vanderbilt,15.3
228,1630195,Leandro Bolmaro,6-Jun,200,11-Sep-00,21,FC Barcelona,1610612750,Jazz,Utah,2020,2,1,23,Leandro Bolmaro,5.4
229,1627774,Jake Layman,8-Jun,209,7-Mar-94,28,Maryland,1610612750,Timberwolves,Minnesota,2016,6,2,47,Jake Layman,9
230,1629675,Naz Reid,9-Jun,264,26-Aug-99,22,Louisiana State,1610612750,Timberwolves,Minnesota,Undrafted,0,3,61,Naz Reid,17.2
231,1627752,Taurean Prince,6-Jun,218,22-Mar-94,28,Baylor,1610612750,Timberwolves,Minnesota,2016,6,1,12,Taurean Prince,12.4
232,1630233,Nathan Knight,10-Jun,253,20-Sep-97,24,William & Mary,1610612750,Timberwolves,Minnesota,Undrafted,0,3,61,Nathan Knight,18.7
233,202328,Greg Monroe,10-Jun,250,4-Jun-90,32,Georgetown,1610612750,Timberwolves,Minnesota,2010,12,1,7,Greg Monroe,19.5
234,1629006,Josh Okogie,4-Jun,213,1-Sep-98,23,Georgia Tech,1610612750,Suns,Phoenix,2018,4,1,20,Josh Okogie,9
235,201976,Patrick Beverley,1-Jun,180,12-Jul-88,33,Arkansas,1610612750,Lakers,Los Angeles,2009,13,2,42,Patrick Beverley,14.8
236,1630593,McKinley Wright IV,11-May,192,25-Oct-98,23,Colorado,1610612750,Mavericks,Dallas,Undrafted,0,3,61,McKinley Wright IV,9.5
237,1626157,Karl-Anthony Towns,11-Jun,248,15-Nov-95,26,Kentucky,1610612750,Timberwolves,Minnesota,2015,7,1,1,Karl-Anthony Towns,24.1
238,203083,Andre Drummond,10-Jun,279,10-Aug-93,28,Connecticut,1610612751,Bulls,Chicago,2012,10,1,9,Andre Drummond,21
239,1628971,Bruce Brown,4-Jun,202,15-Aug-96,25,Miami,1610612751,Nuggets,Denver,2018,4,2,42,Bruce Brown,15
240,201933,Blake Griffin,9-Jun,250,16-Mar-89,33,Oklahoma,1610612751,Celtics,Boston,2009,13,1,1,Blake Griffin,13.7
241,1630561,David Duke Jr.,4-Jun,204,13-Oct-99,22,Providence,1610612751,Nets,Brooklyn,Undrafted,0,3,61,David Duke Jr.,10
242,201142,Kevin Durant,10-Jun,240,29-Sep-88,33,Texas,1610612751,Nets,Brooklyn,2007,15,1,2,Kevin Durant,25.6
243,201988,Patty Mills,Jun-00,180,11-Aug-88,33,St. Mary's,1610612751,Nets,Brooklyn,2009,13,2,55,Patty Mills,10.4
244,201609,Goran Dragic,3-Jun,190,6-May-86,36,Union Olimpija,1610612751,Bulls,Chicago,2008,14,2,45,Goran Dragic,10
246,202681,Kyrie Irving,2-Jun,195,23-Mar-92,30,Duke,1610612751,Nets,Brooklyn,2011,11,1,1,Kyrie Irving,21.4
247,203925,Joe Harris,6-Jun,220,6-Sep-91,30,Virginia,1610612751,Nets,Brooklyn,2014,8,2,33,Joe Harris,9.6
248,1630556,Kessler Edwards,7-Jun,203,9-Aug-00,21,Pepperdine,1610612751,Nets,Brooklyn,2021,1,2,44,Kessler Edwards,8.3
249,1630549,Day'Ron Sharpe,9-Jun,265,6-Nov-01,20,North Carolina,1610612751,Nets,Brooklyn,2021,1,1,29,Day'Ron Sharpe,20.7
250,200746,LaMarcus Aldridge,11-Jun,250,19-Jul-85,36,Texas-Austin,1610612751,Nets,Brooklyn,2006,16,1,2,LaMarcus Aldridge,19.6
251,1630560,Cam Thomas,3-Jun,210,13-Oct-01,20,Louisiana State,1610612751,Nets,Brooklyn,2021,1,1,27,Cam Thomas,11.7
252,203552,Seth Curry,2-Jun,185,23-Aug-90,31,Duke,1610612751,Nets,Brooklyn,Undrafted,0,3,61,Seth Curry,13.7
253,1629651,Nic Claxton,11-Jun,215,17-Apr-99,23,Georgia,1610612751,Nets,Brooklyn,2019,3,2,31,Nic Claxton,18.6
254,1630167,Obi Toppin,9-Jun,220,4-Mar-98,24,Dayton,1610612752,Knicks,New York,2020,2,1,8,Obi Toppin,18.3
255,1630540,Miles McBride,1-Jun,195,8-Sep-00,21,West Virginia,1610612752,Knicks,New York,2021,1,2,36,Miles McBride,6.1
256,203457,Nerlens Noel,11-Jun,220,10-Apr-94,28,Kentucky,1610612752,Pistons,Detroit,2013,9,1,6,Nerlens Noel,11.8
257,201565,Derrick Rose,2-Jun,200,4-Oct-88,33,Memphis,1610612752,Knicks,New York,2008,14,1,1,Derrick Rose,16.9
258,1630193,Immanuel Quickley,3-Jun,190,17-Jun-99,23,Kentucky,1610612752,Knicks,New York,2020,2,1,25,Immanuel Quickley,14.6
259,1629656,Quentin Grimes,4-Jun,210,8-May-00,22,Houston,1610612752,Knicks,New York,2021,1,1,25,Quentin Grimes,10.7
260,202689,Kemba Walker,Jun-00,184,8-May-90,32,Connecticut,1610612752,Knicks,New York,2011,11,1,9,Kemba Walker,13.9
261,1629628,RJ Barrett,6-Jun,214,14-Jun-00,22,Duke,1610612752,Knicks,New York,2019,3,1,3,RJ Barrett,13.7
262,1630624,Feron Hunt,8-Jun,195,5-Jul-99,22,Southern Methodist,1610612752,Knicks,New York,Undrafted,0,3,61,Feron Hunt,-3
263,203095,Evan Fournier,6-Jun,205,29-Oct-92,29,Poitiers Basket 86,1610612752,Knicks,New York,2012,10,1,20,Evan Fournier,12.3
264,202692,Alec Burks,6-Jun,214,20-Jul-91,30,Colorado,1610612752,Pistons,Detroit,2011,11,1,12,Alec Burks,13.7
265,1629629,Cam Reddish,8-Jun,217,1-Sep-99,22,Duke,1610612752,Knicks,New York,2019,3,1,10,Cam Reddish,12.8
266,1629011,Mitchell Robinson,Jul-00,240,1-Apr-98,24,Western Kentucky,1610612752,Knicks,New York,2018,4,2,36,Mitchell Robinson,20.7
267,203944,Julius Randle,8-Jun,250,29-Nov-94,27,Kentucky,1610612752,Knicks,New York,2014,8,1,7,Julius Randle,15.7
268,1630579,Jericho Sims,9-Jun,250,20-Oct-98,23,Texas,1610612752,Knicks,New York,2021,1,2,58,Jericho Sims,11.6
269,1627853,Ryan Arcidiacono,3-Jun,195,26-Mar-94,28,Villanova,1610612752,Bulls,Chicago,Undrafted,0,3,61,Ryan Arcidiacono,6.1
270,201959,Taj Gibson,9-Jun,232,24-Jun-85,37,Southern California,1610612752,Wizards,Washington,2009,13,1,26,Taj Gibson,12
272,1629643,Chuma Okeke,6-Jun,229,18-Aug-98,23,Auburn,1610612753,Magic,Orlando,2019,3,1,16,Chuma Okeke,12
273,1630591,Jalen Suggs,5-Jun,205,3-Jun-01,21,Gonzaga,1610612753,Magic,Orlando,2021,1,1,5,Jalen Suggs,8.6
274,1628964,Mo Bamba,Jul-00,231,12-May-98,24,Texas,1610612753,Magic,Orlando,2018,4,1,6,Mo Bamba,16.5
275,1629626,Bol Bol,2-Jul,220,16-Nov-99,22,Oregon,1610612753,Magic,Orlando,2019,3,2,44,Bol Bol,13.5
276,1630181,R.J. Hampton,4-Jun,175,7-Feb-01,21,New Zealand Breakers,1610612753,Magic,Orlando,2020,2,1,24,R.J. Hampton,8.5
277,203914,Gary Harris,4-Jun,210,14-Sep-94,27,Michigan State,1610612753,Magic,Orlando,2014,8,1,19,Gary Harris,10.9
278,1629649,Ignas Brazdeikis,6-Jun,221,8-Jan-99,23,Michigan,1610612753,Magic,Orlando,2019,3,2,47,Ignas Brazdeikis,10.2
279,1628365,Markelle Fultz,4-Jun,209,29-May-98,24,Washington,1610612753,Magic,Orlando,2017,5,1,1,Markelle Fultz,17.7
280,1629021,Moritz Wagner,11-Jun,245,26-Apr-97,25,Michigan,1610612753,Magic,Orlando,2018,4,1,25,Moritz Wagner,18.1
281,1630532,Franz Wagner,10-Jun,220,27-Aug-01,20,Michigan,1610612753,Magic,Orlando,2021,1,1,8,Franz Wagner,14.7
282,1629678,Admiral Schofield,5-Jun,241,30-Mar-97,25,Tennessee,1610612753,Magic,Orlando,2019,3,2,42,Admiral Schofield,7.5
283,1629962,Devin Cannady,2-Jun,183,21-May-96,26,Princeton,1610612753,Magic,Orlando,2019,3,3,61,Devin Cannady,8.6
284,203082,Terrence Ross,6-Jun,206,5-Feb-91,31,Washington,1610612753,Magic,Orlando,2012,10,1,8,Terrence Ross,10
285,201577,Robin Lopez,Jul-00,281,1-Apr-88,34,Stanford,1610612753,Cavaliers,Cleveland,2008,14,1,15,Robin Lopez,13.7
286,1628976,Wendell Carter Jr.,10-Jun,270,16-Apr-99,23,Duke,1610612753,Magic,Orlando,2018,4,1,7,Wendell Carter Jr.,18.4
287,1630175,Cole Anthony,3-Jun,185,15-May-00,22,North Carolina,1610612753,Magic,Orlando,2020,2,1,15,Cole Anthony,13.5
288,1628221,Gabe York,3-Jun,190,2-Aug-93,28,Arizona,1610612754,Pacers,Indiana,Undrafted,0,3,61,Gabe York,12.7
289,1630169,Tyrese Haliburton,5-Jun,185,29-Feb-00,22,Iowa State,1610612754,Pacers,Indiana,2020,2,1,12,Tyrese Haliburton,18.2
291,1630537,Chris Duarte,5-Jun,190,13-Jun-97,25,Oregon,1610612754,Pacers,Indiana,2021,1,1,13,Chris Duarte,12.3
292,1630613,Duane Washington Jr.,3-Jun,197,24-Mar-00,22,Ohio State,1610612754,Suns,Phoenix,Undrafted,0,3,61,Duane Washington Jr.,10.2
293,202362,Lance Stephenson,5-Jun,210,5-Sep-90,31,Cincinnati,1610612754,Pacers,Indiana,2010,12,2,40,Lance Stephenson,13.6
294,1627763,Malcolm Brogdon,5-Jun,229,11-Dec-92,29,Virginia,1610612754,Celtics,Boston,2016,6,2,36,Malcolm Brogdon,18
295,204456,T.J. McConnell,1-Jun,190,25-Mar-92,30,Arizona,1610612754,Pacers,Indiana,2015,7,3,61,T.J. McConnell,15.1
296,1629052,Oshae Brissett,7-Jun,210,20-Jun-98,24,Syracuse,1610612754,Pacers,Indiana,Undrafted,0,3,61,Oshae Brissett,12.9
297,1630207,Nate Hinton,5-Jun,210,8-Jun-99,23,Houston,1610612754,Pacers,Indiana,Undrafted,0,3,61,Nate Hinton,-45.2
298,1630543,Isaiah Jackson,10-Jun,205,10-Jan-02,20,Kentucky,1610612754,Pacers,Indiana,2021,1,1,22,Isaiah Jackson,20.5
299,1627741,Buddy Hield,4-Jun,220,17-Dec-92,29,Oklahoma,1610612754,Pacers,Indiana,2016,6,1,6,Buddy Hield,12.9
300,1630188,Jalen Smith,10-Jun,215,16-Mar-00,22,Maryland,1610612754,Pacers,Indiana,2020,2,1,10,Jalen Smith,18.4
301,1630678,Terry Taylor,5-Jun,230,23-Sep-99,22,Austin Peay,1610612754,Pacers,Indiana,Undrafted,0,3,61,Terry Taylor,19
302,1626167,Myles Turner,11-Jun,250,24-Mar-96,26,Texas,1610612754,Pacers,Indiana,2015,7,1,11,Myles Turner,17.4
303,1629048,Goga Bitadze,Jul-00,250,20-Jul-99,22,Mega Basket,1610612754,Pacers,Indiana,2019,3,1,18,Goga Bitadze,18
304,201937,Ricky Rubio,2-Jun,190,21-Oct-90,31,FC Barcelona,1610612754,Cavaliers,Cleveland,2009,13,1,5,Ricky Rubio,14
305,1630178,Tyrese Maxey,2-Jun,200,4-Nov-00,21,Kentucky,1610612755,76ers,Philadelphia,2020,2,1,21,Tyrese Maxey,16.2
306,201935,James Harden,5-Jun,220,26-Aug-89,32,Arizona State,1610612755,76ers,Philadelphia,2009,13,1,3,James Harden,20.9
307,1629619,Myles Powell,2-Jun,195,7-Jul-97,24,Seton Hall,1610612755,76ers,Philadelphia,Undrafted,0,3,61,Myles Powell,0.2
308,1630198,Isaiah Joe,4-Jun,165,2-Jul-99,22,Arkansas,1610612755,Thunder,Oklahoma City,2020,2,2,49,Isaiah Joe,7.7
309,200794,Paul Millsap,7-Jun,257,10-Feb-85,37,Louisiana Tech,1610612755,76ers,Philadelphia,2006,16,2,47,Paul Millsap,10.8
310,201599,DeAndre Jordan,11-Jun,265,21-Jul-88,33,Texas A&M,1610612755,Nuggets,Denver,2008,14,2,35,DeAndre Jordan,17.2
311,1630531,Jaden Springer,4-Jun,202,25-Sep-02,19,Tennessee,1610612755,76ers,Philadelphia,2021,1,1,28,Jaden Springer,26.4
312,202699,Tobias Harris,7-Jun,226,15-Jul-92,29,Tennessee,1610612755,76ers,Philadelphia,2011,11,1,19,Tobias Harris,15.9
313,201980,Danny Green,6-Jun,215,22-Jun-87,35,North Carolina,1610612755,Grizzlies,Memphis,2009,13,2,46,Danny Green,9.5
314,1629718,Charlie Brown Jr.,6-Jun,199,2-Feb-97,25,St. Joseph's (PA),1610612755,76ers,Philadelphia,Undrafted,0,3,61,Charlie Brown Jr.,6.5
315,1629003,Shake Milton,5-Jun,205,26-Sep-96,25,Southern Methodist,1610612755,76ers,Philadelphia,2018,4,2,54,Shake Milton,11.9
316,1627777,Georges Niang,7-Jun,230,17-Jun-93,29,Iowa State,1610612755,76ers,Philadelphia,2016,6,2,50,Georges Niang,10.7
317,203954,Joel Embiid,Jul-00,280,16-Mar-94,28,Kansas,1610612755,76ers,Philadelphia,2014,8,1,3,Joel Embiid,31.2
318,1629680,Matisse Thybulle,5-Jun,201,4-Mar-97,25,Washington,1610612755,76ers,Philadelphia,2019,3,1,20,Matisse Thybulle,11.2
319,1629646,Charles Bassey,9-Jun,230,28-Oct-00,21,Western Kentucky,1610612755,Spurs,San Antonio,2021,1,2,53,Charles Bassey,21.5
320,1627788,Furkan Korkmaz,7-Jun,202,24-Jul-97,24,Anadolu Efes,1610612755,76ers,Philadelphia,2016,6,1,26,Furkan Korkmaz,10.2
321,1630194,Paul Reed,9-Jun,210,14-Jun-99,23,DePaul,1610612755,76ers,Philadelphia,2020,2,2,58,Paul Reed,21.4
322,201580,JaVale McGee,Jul-00,270,19-Jan-88,34,Nevada,1610612756,Mavericks,Dallas,2008,14,1,18,JaVale McGee,22.6
323,1628470,Torrey Craig,7-Jun,221,19-Dec-90,31,South Carolina Upstate,1610612756,Suns,Phoenix,Undrafted,0,3,61,Torrey Craig,11
324,1626164,Devin Booker,5-Jun,206,30-Oct-96,25,Kentucky,1610612756,Suns,Phoenix,2015,7,1,13,Devin Booker,21.3
325,203901,Elfrid Payton,3-Jun,195,22-Feb-94,28,Louisana-Lafayette,1610612756,Suns,Phoenix,2014,8,1,10,Elfrid Payton,7.9
326,101108,Chris Paul,Jun-00,175,6-May-85,37,Wake Forest,1610612756,Suns,Phoenix,2005,17,1,4,Chris Paul,20.8
327,1628988,Aaron Holiday,Jun-00,185,30-Sep-96,25,UCLA,1610612756,Hawks,Atlanta,2018,4,1,23,Aaron Holiday,12.6
328,1630688,Ish Wainright,5-Jun,250,12-Sep-94,27,Baylor,1610612756,Suns,Phoenix,Undrafted,0,3,61,Ish Wainright,9.4
329,1629013,Landry Shamet,4-Jun,190,13-Mar-97,25,Wichita State,1610612756,Suns,Phoenix,2018,4,1,26,Landry Shamet,10.2
330,1626166,Cameron Payne,1-Jun,183,8-Aug-94,27,Murray State,1610612756,Suns,Phoenix,2015,7,1,14,Cameron Payne,13.8
331,202687,Bismack Biyombo,8-Jun,255,28-Aug-92,29,Baloncesto Fuenlabrada,1610612756,Suns,Phoenix,2011,11,1,7,Bismack Biyombo,17.3
332,1630994,Gabriel Lundberg,4-Jun,203,4-Dec-94,27,CSKA Moscow,1610612756,Suns,Phoenix,Undrafted,0,3,61,Gabriel Lundberg,7.7
334,1629028,Deandre Ayton,11-Jun,250,23-Jul-98,23,Arizona,1610612756,Suns,Phoenix,2018,4,1,1,Deandre Ayton,21.9
335,1629661,Cameron Johnson,8-Jun,210,3-Mar-96,26,North Carolina,1610612756,Suns,Phoenix,2019,3,1,11,Cameron Johnson,15.2
336,1628969,Mikal Bridges,6-Jun,209,30-Aug-96,25,Villanova,1610612756,Suns,Phoenix,2018,4,1,10,Mikal Bridges,14.4
337,203109,Jae Crowder,6-Jun,235,6-Jul-90,31,Marquette,1610612756,Suns,Phoenix,2012,10,2,34,Jae Crowder,11.3
338,203081,Damian Lillard,2-Jun,195,15-Jul-90,31,Weber State,1610612757,Trail Blazers,Portland,2012,10,1,6,Damian Lillard,18.5
339,204060,Joe Ingles,8-Jun,220,2-Oct-87,34,Maccabi Tel Aviv,1610612757,Bucks,Milwaukee,Undrafted,0,3,61,Joe Ingles,10
340,1629014,Anfernee Simons,3-Jun,181,8-Jun-99,23,Edgewater HS (FL),1610612757,Trail Blazers,Portland,2018,4,1,24,Anfernee Simons,15.3
341,1630570,Trendon Watford,8-Jun,237,9-Nov-00,21,Louisiana State,1610612757,Trail Blazers,Portland,Undrafted,0,3,61,Trendon Watford,15.8
342,1630535,Greg Brown III,7-Jun,206,1-Sep-01,20,Texas,1610612757,Trail Blazers,Portland,2021,1,2,43,Greg Brown III,11
343,202339,Eric Bledsoe,1-Jun,214,9-Dec-89,32,Kentucky,1610612757,Trail Blazers,Portland,2010,12,1,18,Eric Bledsoe,12.5
344,1630553,Keon Johnson,4-Jun,185,10-Mar-02,20,Tennessee,1610612757,Trail Blazers,Portland,2021,1,1,21,Keon Johnson,8.7
345,1630314,Brandon Williams,2-Jun,190,22-Nov-99,22,Arizona,1610612757,Trail Blazers,Portland,Undrafted,0,3,61,Brandon Williams,11
346,1629642,Nassir Little,5-Jun,220,11-Feb-00,22,North Carolina,1610612757,Trail Blazers,Portland,2019,3,1,25,Nassir Little,13.5
347,1628404,Josh Hart,5-Jun,215,6-Mar-95,27,Villanova,1610612757,Trail Blazers,Portland,2017,5,1,30,Josh Hart,16.1
348,1629604,CJ Elleby,6-Jun,200,16-Jun-00,22,Washington State,1610612757,Trail Blazers,Portland,2020,2,2,46,CJ Elleby,9.2
349,1630190,Elijah Hughes,5-Jun,215,10-Mar-98,24,Syracuse,1610612757,Trail Blazers,Portland,2020,2,2,39,Elijah Hughes,5.4
350,1629833,Keljin Blevins,4-Jun,200,24-Nov-95,26,Montana State,1610612757,Trail Blazers,Portland,2019,3,3,61,Keljin Blevins,4.8
351,203463,Ben McLemore,3-Jun,195,11-Feb-93,29,Kansas,1610612757,Trail Blazers,Portland,2013,9,1,7,Ben McLemore,11.7
352,1626159,Justise Winslow,6-Jun,222,26-Mar-96,26,Duke,1610612757,Trail Blazers,Portland,2015,7,1,10,Justise Winslow,13.1
353,203994,Jusuf Nurkic,11-Jun,290,23-Aug-94,27,Cedevita,1610612757,Trail Blazers,Portland,2014,8,1,16,Jusuf Nurkic,20
354,1629712,Didi Louzada,5-Jun,188,2-Jul-99,22,Sydney Kings,1610612757,Trail Blazers,Portland,2019,3,2,35,Didi Louzada,6.4
355,1628978,Donte DiVincenzo,4-Jun,203,31-Jan-97,25,Villanova,1610612758,Warriors,Golden State,2018,4,1,17,Donte DiVincenzo,11.3
356,1629056,Terence Davis,4-Jun,201,16-May-97,25,Mississippi,1610612758,Kings,Sacramento,Undrafted,0,3,61,Terence Davis,14.6
357,1628368,De'Aaron Fox,3-Jun,185,20-Dec-97,24,Kentucky,1610612758,Kings,Sacramento,2017,5,1,5,De'Aaron Fox,17.4
358,1629002,Chimezie Metu,9-Jun,225,22-Mar-97,25,Southern California,1610612758,Kings,Sacramento,2018,4,2,49,Chimezie Metu,13.4
359,203090,Maurice Harkless,7-Jun,220,11-May-93,29,"St. John's, N.Y.",1610612758,Kings,Sacramento,2012,10,1,15,Maurice Harkless,7.7
360,203200,Justin Holiday,6-Jun,180,5-Apr-89,33,Washington,1610612758,Hawks,Atlanta,Undrafted,0,3,61,Justin Holiday,9.5
361,1627734,Domantas Sabonis,11-Jun,240,3-May-96,26,Gonzaga,1610612758,Kings,Sacramento,2016,6,1,11,Domantas Sabonis,21.9
362,1630558,Davion Mitchell,Jun-00,202,5-Sep-98,23,Baylor,1610612758,Kings,Sacramento,2021,1,1,9,Davion Mitchell,10.8
363,1626158,Richaun Holmes,10-Jun,235,15-Oct-93,28,Bowling Green,1610612758,Kings,Sacramento,2015,7,2,37,Richaun Holmes,17.8
364,203458,Alex Len,Jul-00,250,16-Jun-93,29,Maryland,1610612758,Kings,Sacramento,2013,9,1,5,Alex Len,13.1
365,203087,Jeremy Lamb,5-Jun,180,30-May-92,30,Connecticut,1610612758,Kings,Sacramento,2012,10,1,12,Jeremy Lamb,13.3
366,1627745,Damian Jones,11-Jun,245,30-Jun-95,27,Vanderbilt,1610612758,Lakers,Los Angeles,2016,6,1,30,Damian Jones,18.3
367,203084,Harrison Barnes,8-Jun,225,30-May-92,30,North Carolina,1610612758,Kings,Sacramento,2012,10,1,7,Harrison Barnes,15.7
368,1626168,Trey Lyles,9-Jun,234,5-Nov-95,26,Kentucky,1610612758,Kings,Sacramento,2015,7,1,12,Trey Lyles,16.4
369,1628367,Josh Jackson,8-Jun,207,10-Feb-97,25,Kansas,1610612758,Kings,Sacramento,2017,5,1,4,Josh Jackson,9.5
370,1629674,Neemias Queta,Jul-00,248,13-Jul-99,22,Utah State,1610612758,Kings,Sacramento,2021,1,2,39,Neemias Queta,12.7
371,1629022,Lonnie Walker IV,4-Jun,204,14-Dec-98,23,Miami,1610612759,Lakers,Los Angeles,2018,4,1,18,Lonnie Walker IV,12.3
372,1629640,Keldon Johnson,6-Jun,220,11-Oct-99,22,Kentucky,1610612759,Spurs,San Antonio,2019,3,1,29,Keldon Johnson,15.2
373,1627749,Dejounte Murray,4-Jun,180,19-Sep-96,25,Washington,1610612759,Hawks,Atlanta,2016,6,1,29,Dejounte Murray,22.3
374,1626196,Josh Richardson,5-Jun,200,15-Sep-93,28,Tennessee,1610612759,Spurs,San Antonio,2015,7,2,40,Josh Richardson,12.8
375,1630563,Joshua Primo,4-Jun,189,24-Dec-02,19,Alabama,1610612759,Spurs,San Antonio,2021,1,1,12,Joshua Primo,7.1
376,1630580,Joe Wieskamp,6-Jun,205,23-Aug-99,22,Iowa,1610612759,Spurs,San Antonio,2021,1,2,41,Joe Wieskamp,7.1
377,203926,Doug McDermott,7-Jun,225,3-Jan-92,30,Creighton,1610612759,Spurs,San Antonio,2014,8,1,11,Doug McDermott,11.4
378,1629719,Devontae Cacok,7-Jun,240,8-Oct-96,25,North Carolina-Wilmington,1610612759,Spurs,San Antonio,Undrafted,0,3,61,Devontae Cacok,20.2
380,1628380,Zach Collins,11-Jun,250,19-Nov-97,24,Gonzaga,1610612759,Spurs,San Antonio,2017,5,1,10,Zach Collins,16.4
381,1630170,Devin Vassell,5-Jun,200,23-Aug-00,21,Florida State,1610612759,Spurs,San Antonio,2020,2,1,11,Devin Vassell,13.3
382,1627751,Jakob Poeltl,1-Jul,245,15-Oct-95,26,Utah,1610612759,Spurs,San Antonio,2016,6,1,9,Jakob Poeltl,20.8
383,1630218,Robert Woodard II,6-Jun,235,22-Sep-99,22,Mississippi State,1610612759,Spurs,San Antonio,2020,2,2,40,Robert Woodard II,2.1
384,1628966,Keita Bates-Diop,8-Jun,229,23-Jan-96,26,Ohio State,1610612759,Spurs,San Antonio,2018,4,2,48,Keita Bates-Diop,12.4
385,1630200,Tre Jones,1-Jun,185,8-Jan-00,22,Duke,1610612759,Spurs,San Antonio,2020,2,2,41,Tre Jones,15
386,1629111,Jock Landale,11-Jun,255,25-Oct-95,26,St. Mary's,1610612759,Suns,Phoenix,Undrafted,0,3,61,Jock Landale,16
387,1629641,Romeo Langford,5-Jun,216,25-Oct-99,22,Indiana,1610612759,Spurs,San Antonio,2019,3,1,14,Romeo Langford,9.2
388,1628983,Shai Gilgeous-Alexander,6-Jun,180,12-Jul-98,23,Kentucky,1610612760,Thunder,Oklahoma City,2018,4,1,11,Shai Gilgeous-Alexander,20.9
389,1630581,Josh Giddey,8-Jun,205,10-Oct-02,19,NBA Global Academy,1610612760,Thunder,Oklahoma City,2021,1,1,6,Josh Giddey,13.3
390,1629652,Luguentz Dort,3-Jun,215,19-Apr-99,23,Arizona State,1610612760,Thunder,Oklahoma City,Undrafted,0,3,61,Luguentz Dort,12.3
391,1628982,Melvin Frazier Jr.,5-Jun,215,30-Aug-96,25,Tulane,1610612760,Magic,Orlando,2018,4,2,35,Melvin Frazier Jr.,-0.4
392,1629647,Darius Bazley,8-Jun,208,12-Jun-00,22,Princeton HS (OH),1610612760,Thunder,Oklahoma City,2019,3,1,23,Darius Bazley,12.6
393,1630177,Theo Maledon,4-Jun,175,12-Jun-01,21,Asvel,1610612760,Hornets,Charlotte,2020,2,2,34,Theo Maledon,10.6
394,1630322,Lindy Waters III,6-Jun,215,28-Jul-97,24,Oklahoma State,1610612760,Thunder,Oklahoma City,Undrafted,0,3,61,Lindy Waters III,13
395,202324,Derrick Favors,9-Jun,265,15-Jul-91,30,Georgia Tech,1610612760,Thunder,Oklahoma City,2010,12,1,3,Derrick Favors,13.6
396,1629660,Ty Jerome,5-Jun,195,8-Jul-97,24,Virginia,1610612760,Warriors,Golden State,2019,3,1,24,Ty Jerome,11.3
397,1630197,Aleksej Pokusevski,Jul-00,190,26-Dec-01,20,Olympiacos,1610612760,Thunder,Oklahoma City,2020,2,1,17,Aleksej Pokusevski,12
398,1630598,Aaron Wiggins,4-Jun,190,2-Jan-99,23,Maryland,1610612760,Thunder,Oklahoma City,2021,1,2,55,Aaron Wiggins,10.3
399,1629676,Isaiah Roby,8-Jun,230,3-Feb-98,24,Nebraska,1610612760,Spurs,San Antonio,2019,3,2,45,Isaiah Roby,18.3
400,1630544,Tre Mann,3-Jun,178,3-Feb-01,21,Florida,1610612760,Thunder,Oklahoma City,2021,1,1,18,Tre Mann,10.2
401,1630249,Vit Krejci,8-Jun,195,19-Jun-00,22,Zaragoza,1610612760,Hawks,Atlanta,2020,2,2,37,Vit Krejci,8.5
402,203488,Mike Muscala,10-Jun,240,1-Jul-91,30,Bucknell,1610612760,Thunder,Oklahoma City,2013,9,2,44,Mike Muscala,19.7
403,1629026,Kenrich Williams,6-Jun,210,2-Dec-94,27,TCU,1610612760,Thunder,Oklahoma City,Undrafted,0,3,61,Kenrich Williams,13.3
404,1630526,Jeremiah Robinson-Earl,8-Jun,242,3-Nov-00,21,Villanova,1610612760,Thunder,Oklahoma City,2021,1,2,32,Jeremiah Robinson-Earl,11.7
405,1629717,Armoni Brooks,3-Jun,195,5-Jun-98,24,Houston,1610612761,Raptors,Toronto,2019,3,3,61,Armoni Brooks,8.4
406,1628384,O.G. Anunoby,7-Jun,232,17-Jul-97,24,Indiana,1610612761,Raptors,Toronto,2017,5,1,23,O.G. Anunoby,14.8
407,1630567,Scottie Barnes,7-Jun,225,1-Aug-01,20,Florida State,1610612761,Raptors,Toronto,2021,1,1,4,Scottie Barnes,16.3
408,1630173,Precious Achiuwa,8-Jun,225,19-Sep-99,22,Memphis,1610612761,Raptors,Toronto,2020,2,1,20,Precious Achiuwa,12.7
409,1630551,Justin Champagnie,6-Jun,206,29-Jun-01,21,Pittsburgh,1610612761,Raptors,Toronto,Undrafted,0,3,61,Justin Champagnie,13.6
410,1630525,David Johnson,4-Jun,203,26-Feb-01,21,Louisville,1610612761,Raptors,Toronto,2021,1,2,47,David Johnson,-20
411,1629004,Svi Mykhailiuk,7-Jun,205,10-Jun-97,25,Kansas,1610612761,Knicks,New York,2018,4,2,47,Svi Mykhailiuk,9.6
412,1629067,Isaac Bonga,8-Jun,180,8-Nov-99,22,Skyliners Frankfurt,1610612761,Raptors,Toronto,2018,4,2,39,Isaac Bonga,8.7
413,1629139,Yuta Watanabe,9-Jun,215,13-Oct-94,27,George Washington,1610612761,Nets,Brooklyn,Undrafted,0,3,61,Yuta Watanabe,11.5
414,201152,Thaddeus Young,8-Jun,235,21-Jun-88,34,Georgia Tech,1610612761,Raptors,Toronto,2007,15,1,12,Thaddeus Young,17
415,1630201,Malachi Flynn,1-Jun,175,9-May-98,24,San Diego State,1610612761,Raptors,Toronto,2020,2,1,29,Malachi Flynn,11.7
416,1627832,Fred VanVleet,1-Jun,197,25-Feb-94,28,Wichita State,1610612761,Raptors,Toronto,Undrafted,0,3,61,Fred VanVleet,17.3
417,203920,Khem Birch,9-Jun,233,28-Sep-92,29,UNLV,1610612761,Raptors,Toronto,Undrafted,0,3,61,Khem Birch,13.2
418,1628449,Chris Boucher,9-Jun,200,11-Jan-93,29,Oregon,1610612761,Raptors,Toronto,Undrafted,0,3,61,Chris Boucher,17.9
419,1629018,Gary Trent Jr.,5-Jun,209,18-Jan-99,23,Duke,1610612761,Raptors,Toronto,2018,4,2,37,Gary Trent Jr.,14.7
420,1627783,Pascal Siakam,8-Jun,230,2-Apr-94,28,New Mexico State,1610612761,Raptors,Toronto,2016,6,1,27,Pascal Siakam,20.3
421,1630625,Dalano Banton,7-Jun,204,7-Nov-99,22,Nebraska,1610612761,Raptors,Toronto,2021,1,2,46,Dalano Banton,10
422,203903,Jordan Clarkson,4-Jun,194,7-Jun-92,30,Missouri,1610612762,Jazz,Utah,2014,8,2,46,Jordan Clarkson,14.9
423,1629672,Eric Paschall,6-Jun,255,4-Nov-96,25,Villanova,1610612762,Jazz,Utah,2019,3,2,41,Eric Paschall,13.9
424,1630235,Trent Forrest,4-Jun,210,12-Jun-98,24,Florida State,1610612762,Hawks,Atlanta,Undrafted,0,3,61,Trent Forrest,10.9
425,1629638,Nickeil Alexander-Walker,5-Jun,205,2-Sep-98,23,Virginia Tech,1610612762,Jazz,Utah,2019,3,1,17,Nickeil Alexander-Walker,10.5
426,200752,Rudy Gay,8-Jun,250,17-Aug-86,35,Connecticut,1610612762,Jazz,Utah,2006,16,1,8,Rudy Gay,13
427,201144,Mike Conley,1-Jun,175,11-Oct-87,34,Ohio State,1610612762,Jazz,Utah,2007,15,1,4,Mike Conley,17.2
428,1630215,Jared Butler,3-Jun,193,25-Aug-00,21,Baylor,1610612762,Jazz,Utah,2021,1,2,40,Jared Butler,12.1
429,1630270,Xavier Sneed,5-Jun,215,21-Dec-97,24,Kansas State,1610612762,Jazz,Utah,Undrafted,0,3,61,Xavier Sneed,0.4
430,1628962,Udoka Azubuike,Jul-00,270,17-Sep-99,22,Kansas,1610612762,Jazz,Utah,2020,2,1,27,Udoka Azubuike,17.6
431,202355,Hassan Whiteside,Jul-00,265,13-Jun-89,33,Marshall,1610612762,Jazz,Utah,2010,12,2,33,Hassan Whiteside,22.9
432,1626220,Royce O'Neale,5-Jun,226,5-Jun-93,29,Baylor,1610612762,Nets,Brooklyn,Undrafted,0,3,61,Royce O'Neale,10.3
433,1627863,Danuel House Jr.,6-Jun,220,7-Jun-93,29,Texas A&M,1610612762,76ers,Philadelphia,Undrafted,0,3,61,Danuel House Jr.,10.6
434,203497,Rudy Gobert,1-Jul,258,26-Jun-92,30,Cholet,1610612762,Timberwolves,Minnesota,2013,9,1,27,Rudy Gobert,24.7
436,202711,Bojan Bogdanovic,7-Jun,226,18-Apr-89,33,Fenerbahce,1610612762,Pistons,Detroit,2011,11,2,31,Bojan Bogdanovic,15.7
437,1628378,Donovan Mitchell,1-Jun,215,7-Sep-96,25,Louisville,1610612762,Cavaliers,Cleveland,2017,5,1,13,Donovan Mitchell,21.6
438,1629001,De'Anthony Melton,2-Jun,200,28-May-98,24,Southern California,1610612763,76ers,Philadelphia,2018,4,2,46,De'Anthony Melton,15.2
439,203937,Kyle Anderson,9-Jun,230,20-Sep-93,28,UCLA,1610612763,Timberwolves,Minnesota,2014,8,1,30,Kyle Anderson,14.4
440,1630214,Xavier Tillman,8-Jun,245,12-Jan-99,23,Michigan State,1610612763,Grizzlies,Memphis,2020,2,2,35,Xavier Tillman,15.1
441,1630179,Tyrell Terry,2-Jun,160,28-Sep-00,21,Stanford,1610612763,Grizzlies,Memphis,2020,2,2,31,Tyrell Terry,20
442,203500,Steven Adams,11-Jun,265,20-Jul-93,28,Pittsburgh,1610612763,Grizzlies,Memphis,2013,9,1,12,Steven Adams,17.6
443,1630582,Yves Pons,5-Jun,206,7-May-99,23,Tennessee,1610612763,Grizzlies,Memphis,Undrafted,0,3,61,Yves Pons,5.9
444,1630583,Santi Aldama,11-Jun,215,10-Jan-01,21,Loyola-Maryland,1610612763,Grizzlies,Memphis,2021,1,1,30,Santi Aldama,10.2
445,1630533,Ziaire Williams,9-Jun,185,12-Sep-01,20,Stanford,1610612763,Grizzlies,Memphis,2021,1,1,10,Ziaire Williams,9.7
446,1629630,Ja Morant,3-Jun,174,10-Aug-99,22,Murray State,1610612763,Grizzlies,Memphis,2019,3,1,2,Ja Morant,24.4
447,1628991,Jaren Jackson Jr.,11-Jun,242,15-Sep-99,22,Michigan State,1610612763,Grizzlies,Memphis,2018,4,1,4,Jaren Jackson Jr.,17
448,1629634,Brandon Clarke,8-Jun,215,19-Sep-96,25,Gonzaga,1610612763,Grizzlies,Memphis,2019,3,1,21,Brandon Clarke,23.7
449,1626145,Tyus Jones,Jun-00,196,10-May-96,26,Duke,1610612763,Grizzlies,Memphis,2015,7,1,24,Tyus Jones,16.5
450,1630217,Desmond Bane,5-Jun,215,25-Jun-98,24,TCU,1610612763,Grizzlies,Memphis,2020,2,1,30,Desmond Bane,17.6
451,1629633,Jarrett Culver,6-Jun,195,20-Feb-99,23,Texas Tech,1610612763,Hawks,Atlanta,2019,3,1,6,Jarrett Culver,8.7
452,1628415,Dillon Brooks,7-Jun,225,22-Jan-96,26,Oregon,1610612763,Grizzlies,Memphis,2017,5,2,45,Dillon Brooks,15.5
453,1629681,Killian Tillie,9-Jun,220,5-Mar-98,24,Gonzaga,1610612763,Grizzlies,Memphis,Undrafted,0,3,61,Killian Tillie,7.6
454,1629723,John Konchar,5-Jun,210,22-Mar-96,26,Indiana-Purdue Fort Wayne,1610612763,Grizzlies,Memphis,Undrafted,0,3,61,John Konchar,14
455,203484,Kentavious Caldwell-Pope,5-Jun,204,18-Feb-93,29,Georgia,1610612764,Nuggets,Denver,2013,9,1,8,Kentavious Caldwell-Pope,12.6
456,203078,Bradley Beal,4-Jun,207,28-Jun-93,29,Florida,1610612764,Wizards,Washington,2012,10,1,3,Bradley Beal,17.5
457,202397,Ish Smith,Jun-00,175,5-Jul-88,33,Wake Forest,1610612764,Nuggets,Denver,Undrafted,0,3,61,Ish Smith,12.5
458,1630216,Cassius Winston,1-Jun,185,28-Feb-98,24,Michigan State,1610612764,Wizards,Washington,2020,2,2,53,Cassius Winston,6
459,204001,Kristaps Porzingis,3-Jul,240,2-Aug-95,26,Cajasol Sevilla,1610612764,Wizards,Washington,2015,7,1,4,Kristaps Porzingis,23.7
460,1629060,Rui Hachimura,8-Jun,230,8-Feb-98,24,Gonzaga,1610612764,Wizards,Washington,2019,3,1,9,Rui Hachimura,14.9
461,1630166,Deni Avdija,9-Jun,210,3-Jan-01,21,Maccabi Tel Aviv,1610612764,Wizards,Washington,2020,2,1,9,Deni Avdija,11.6
462,1628418,Thomas Bryant,10-Jun,248,31-Jul-97,24,Indiana,1610612764,Lakers,Los Angeles,2017,5,2,42,Thomas Bryant,16.6
463,1630225,Isaiah Todd,9-Jun,219,17-Oct-01,20,NBA G League Ignite,1610612764,Wizards,Washington,2021,1,2,31,Isaiah Todd,4.7
464,1630264,Anthony Gill,7-Jun,230,17-Oct-92,29,Virginia,1610612764,Wizards,Washington,Undrafted,0,3,61,Anthony Gill,14.7
465,203526,Raul Neto,2-Jun,180,19-May-92,30,Murcia,1610612764,Cavaliers,Cleveland,2013,9,2,47,Raul Neto,12.4
466,1630648,Jordan Schakel,6-Jun,200,13-Jun-98,24,San Diego State,1610612764,Wizards,Washington,Undrafted,0,3,61,Jordan Schakel,-1.2
467,1629655,Daniel Gafford,9-Jun,234,1-Oct-98,23,Arkansas,1610612764,Wizards,Washington,2019,3,2,38,Daniel Gafford,21.8
468,1630176,Vernon Carey Jr.,9-Jun,270,25-Feb-01,21,Duke,1610612764,Wizards,Washington,2020,2,2,32,Vernon Carey Jr.,15.8
469,1630557,Corey Kispert,6-Jun,224,3-Mar-99,23,Gonzaga,1610612764,Wizards,Washington,2021,1,1,15,Corey Kispert,10.9
470,203107,Tomas Satoransky,7-Jun,210,30-Oct-91,30,FC Barcelona,1610612764,Wizards,Washington,2012,10,2,32,Tomas Satoransky,10.2
471,1628398,Kyle Kuzma,9-Jun,221,24-Jul-95,26,Utah,1610612764,Wizards,Washington,2017,5,1,27,Kyle Kuzma,15.2
472,1630595,Cade Cunningham,6-Jun,220,25-Sep-01,20,Oklahoma State,1610612765,Pistons,Detroit,2021,1,1,1,Cade Cunningham,13.1
473,1629035,Carsen Edwards,11-May,200,12-Mar-98,24,Purdue,1610612765,Celtics,Boston,2019,3,2,33,Carsen Edwards,5.5
474,1628402,Frank Jackson,3-Jun,205,4-May-98,24,Duke,1610612765,Pistons,Detroit,2017,5,2,31,Frank Jackson,10.6
475,1628977,Hamidou Diallo,5-Jun,202,31-Jul-98,23,Kentucky,1610612765,Pistons,Detroit,2018,4,2,45,Hamidou Diallo,15.7
476,1630165,Killian Hayes,5-Jun,195,27-Jul-01,20,Ratiopharm Ulm,1610612765,Pistons,Detroit,2020,2,1,7,Killian Hayes,9.3
477,203924,Jerami Grant,8-Jun,210,12-Mar-94,28,Syracuse,1610612765,Trail Blazers,Portland,2014,8,2,39,Jerami Grant,16.1
478,1630587,Isaiah Livers,6-Jun,232,28-Jul-98,23,Michigan,1610612765,Pistons,Detroit,2021,1,2,42,Isaiah Livers,11.1
479,203482,Kelly Olynyk,11-Jun,240,19-Apr-91,31,Gonzaga,1610612765,Jazz,Utah,2013,9,1,13,Kelly Olynyk,16.7
480,203585,Rodney McGruder,4-Jun,205,29-Jul-91,30,Kansas State,1610612765,Pistons,Detroit,Undrafted,0,3,61,Rodney McGruder,11.6
481,1630296,Braxton Key,8-Jun,225,14-Feb-97,25,Virginia,1610612765,Pistons,Detroit,Undrafted,0,3,61,Braxton Key,13.7
482,202709,Cory Joseph,3-Jun,200,20-Aug-91,30,Texas,1610612765,Pistons,Detroit,2011,11,1,29,Cory Joseph,11.4
483,1630691,Jamorko Pickett,9-Jun,206,24-Dec-97,24,Georgetown,1610612765,Pistons,Detroit,Undrafted,0,3,61,Jamorko Pickett,7.6
484,1630191,Isaiah Stewart,8-Jun,250,22-May-01,21,Washington,1610612765,Pistons,Detroit,2020,2,1,16,Isaiah Stewart,14
485,1628963,Marvin Bagley III,11-Jun,235,14-Mar-99,23,Duke,1610612765,Pistons,Detroit,2018,4,1,2,Marvin Bagley III,15.7
486,1630240,Saben Lee,2-Jun,183,23-Jun-99,23,Vanderbilt,1610612765,Pistons,Detroit,2020,2,2,38,Saben Lee,13.8
487,1630180,Saddiq Bey,7-Jun,215,9-Apr-99,23,Villanova,1610612765,Pistons,Detroit,2020,2,1,19,Saddiq Bey,14
488,1630568,Luka Garza,10-Jun,243,27-Dec-98,23,Iowa,1610612765,Timberwolves,Minnesota,2021,1,2,52,Luka Garza,15.6
489,1628970,Miles Bridges,7-Jun,225,21-Mar-98,24,Michigan State,1610612766,Hornets,Charlotte,2018,4,1,12,Miles Bridges,17.9
490,1630163,LaMelo Ball,7-Jun,180,22-Aug-01,20,Illawarra,1610612766,Hornets,Charlotte,2020,2,1,3,LaMelo Ball,19.7
491,1626179,Terry Rozier,1-Jun,190,17-Mar-94,28,Louisville,1610612766,Hornets,Charlotte,2015,7,1,16,Terry Rozier,17.6
492,202738,Isaiah Thomas,9-May,185,7-Feb-89,33,Washington,1610612766,Hornets,Charlotte,2011,11,2,60,Isaiah Thomas,12
493,1630547,James Bouknight,4-Jun,190,18-Sep-00,21,Connecticut,1610612766,Hornets,Charlotte,2021,1,1,11,James Bouknight,10.1
494,1629667,Jalen McDaniels,9-Jun,205,31-Jan-98,24,San Diego State,1610612766,Hornets,Charlotte,2019,3,2,52,Jalen McDaniels,12.7
495,1626149,Montrezl Harrell,7-Jun,240,26-Jan-94,28,Louisville,1610612766,76ers,Philadelphia,2015,7,2,32,Montrezl Harrell,23.2
496,1628998,Cody Martin,6-Jun,205,28-Sep-95,26,Nevada,1610612766,Hornets,Charlotte,2019,3,2,36,Cody Martin,12.7
497,1626162,Kelly Oubre Jr.,6-Jun,203,9-Dec-95,26,Kansas,1610612766,Hornets,Charlotte,2015,7,1,15,Kelly Oubre Jr.,14.9
498,1630208,Nick Richards,Jul-00,245,29-Nov-97,24,Kentucky,1610612766,Hornets,Charlotte,2020,2,2,42,Nick Richards,15.9
499,1630575,Scottie Lewis,5-Jun,185,12-Mar-00,22,Florida,1610612766,Hornets,Charlotte,2021,1,2,56,Scottie Lewis,14.6
500,202330,Gordon Hayward,7-Jun,225,23-Mar-90,32,Butler,1610612766,Hornets,Charlotte,2010,12,1,9,Gordon Hayward,15.1
501,1630550,JT Thor,9-Jun,203,26-Aug-02,19,Auburn,1610612766,Hornets,Charlotte,2021,1,2,37,JT Thor,9.7
502,1630539,Kai Jones,10-Jun,221,19-Jan-01,21,Texas,1610612766,Hornets,Charlotte,2021,1,1,19,Kai Jones,9.2
503,203486,Mason Plumlee,11-Jun,254,5-Mar-90,32,Duke,1610612766,Hornets,Charlotte,2013,9,1,22,Mason Plumlee,14.7
504,1629023,P.J. Washington,7-Jun,230,23-Aug-98,23,Kentucky,1610612766,Hornets,Charlotte,2019,3,1,12,P.J. Washington,13.6
505,1629083,Arnoldas Kulboka,10-Jun,209,4-Jan-98,24,Bilbao,1610612766,Hornets,Charlotte,2018,4,2,55,Arnoldas Kulboka,-10.7
