Player ID,Player Name,Height,Weight,Birthday,Age,School,Team ID,Team Name,City,Birth Month
1626153,Delon Wright,6-5,185,"APR 26, 1992",30.0,Utah,1610612737,Atlanta Hawks,Atlanta,APR
1630552,Jalen Johnson,6-8,219,"DEC 18, 2001",20.0,Duke,1610612737,Atlanta Hawks,Atlanta,DEC
1630536,Sharife Cooper,6-1,176,"JUN 11, 2001",21.0,Auburn,1610612737,Atlanta Hawks,Atlanta,JUN
1628989,Kevin Huerter,6-7,198,"AUG 27, 1998",23.0,Maryland,1610612737,Atlanta Hawks,Atlanta,AUG
1630219,Skylar Mays,6-4,205,"SEP 05, 1997",24.0,Louisiana State,1610612737,Atlanta Hawks,Atlanta,SEP
1628995,Kevin Knox II,6-7,215,"AUG 11, 1999",22.0,Kentucky,1610612737,Atlanta Hawks,Atlanta,AUG
101150,Lou Williams,6-2,175,"OCT 27, 1986",35.0,South Gwinnett HS (GA),1610612737,Atlanta Hawks,Atlanta,OCT
1627789,Timothe Luwawu-Cabarrot,6-7,215,"MAY 09, 1995",27.0,                                   ,1610612737,Atlanta Hawks,Atlanta,MAY
201568,Danilo Gallinari,6-10,236,"AUG 08, 1988",33.0,Olimpia Milano,1610612737,Atlanta Hawks,Atlanta,AUG
203476,Gorgui Dieng,6-10,248,"JAN 18, 1990",32.0,Louisville,1610612737,Atlanta Hawks,Atlanta,JAN
1629027,Trae Young,6-1,164,"SEP 19, 1998",23.0,Oklahoma,1610612737,Atlanta Hawks,Atlanta,SEP
1629631,De'Andre Hunter,6-8,221,"DEC 02, 1997",24.0,Virginia,1610612737,Atlanta Hawks,Atlanta,DEC
203992,Bogdan Bogdanovic,6-6,225,"AUG 18, 1992",29.0,Fenerbahce,1610612737,Atlanta Hawks,Atlanta,AUG
203991,Clint Capela,6-10,256,"MAY 18, 1994",28.0,Elan Chalon,1610612737,Atlanta Hawks,Atlanta,MAY
1630168,Onyeka Okongwu,6-8,240,"DEC 11, 2000",21.0,Southern California,1610612737,Atlanta Hawks,Atlanta,DEC
1628381,John Collins,6-9,226,"SEP 23, 1997",24.0,Wake Forest,1610612737,Atlanta Hawks,Atlanta,SEP
1630602,Chaundee Brown Jr.,6-5,215,"DEC 04, 1998",23.0,Michigan,1610612737,Atlanta Hawks,Atlanta,DEC
1630346,Matt Ryan,6-7,215,"APR 17, 1997",25.0,Tennessee-Chattanooga,1610612738,Boston Celtics,Boston,APR
1628369,Jayson Tatum,6-8,210,"MAR 03, 1998",24.0,Duke,1610612738,Boston Celtics,Boston,MAR
1627759,Jaylen Brown,6-6,223,"OCT 24, 1996",25.0,California,1610612738,Boston Celtics,Boston,OCT
1630238,Malik Fitts,6-5,230,"JUL 04, 1997",24.0,St. Mary's College,1610612738,Boston Celtics,Boston,JUL
1628401,Derrick White,6-4,190,"JUL 02, 1994",27.0,Colorado,1610612738,Boston Celtics,Boston,JUL
1630202,Payton Pritchard,6-1,195,"JAN 28, 1998",24.0,Oregon,1610612738,Boston Celtics,Boston,JAN
1629684,Grant Williams,6-6,236,"NOV 30, 1998",23.0,Tennessee,1610612738,Boston Celtics,Boston,NOV
203917,Nik Stauskas,6-6,207,"OCT 07, 1993",28.0,Michigan,1610612738,Boston Celtics,Boston,OCT
1629752,Juwan Morgan,6-7,232,"APR 17, 1997",25.0,Indiana,1610612738,Boston Celtics,Boston,APR
1630174,Aaron Nesmith,6-5,215,"OCT 16, 1999",22.0,Vanderbilt,1610612738,Boston Celtics,Boston,OCT
1628464,Daniel Theis,6-9,245,"APR 04, 1992",30.0,Brose Bamberg,1610612738,Boston Celtics,Boston,APR
1630573,Sam Hauser,6-7,217,"DEC 08, 1997",24.0,Virginia,1610612738,Boston Celtics,Boston,DEC
203935,Marcus Smart,6-4,220,"MAR 06, 1994",28.0,Oklahoma State,1610612738,Boston Celtics,Boston,MAR
1628436,Luke Kornet,7-2,250,"JUL 15, 1995",26.0,Vanderbilt,1610612738,Boston Celtics,Boston,JUL
201143,Al Horford,6-9,240,"JUN 03, 1986",36.0,Florida,1610612738,Boston Celtics,Boston,JUN
1629057,Robert Williams III,6-9,237,"OCT 17, 1997",24.0,Texas A&M,1610612738,Boston Celtics,Boston,OCT
1630271,Brodric Thomas,6-5,185,"JAN 28, 1997",25.0,,1610612738,Boston Celtics,Boston,JAN
201567,Kevin Love,6-8,251,"SEP 07, 1988",33.0,UCLA,1610612739,Cleveland Cavaliers,Cleveland,SEP
1629164,Brandon Goodwin,6-0,180,"OCT 02, 1995",26.0,Florida Gulf Coast,1610612739,Cleveland Cavaliers,Cleveland,OCT
200765,Rajon Rondo,6-1,180,"FEB 22, 1986",36.0,Kentucky,1610612739,Cleveland Cavaliers,Cleveland,FEB
1629012,Collin Sexton,6-1,190,"JAN 04, 1999",23.0,Alabama,1610612739,Cleveland Cavaliers,Cleveland,JAN
1627747,Caris LeVert,6-6,205,"AUG 25, 1994",27.0,Michigan,1610612739,Cleveland Cavaliers,Cleveland,AUG
1630596,Evan Mobley,6-11,215,"JUN 18, 2001",21.0,Southern California,1610612739,Cleveland Cavaliers,Cleveland,JUN
1630612,RJ Nembhard Jr.,6-4,200,"MAR 22, 1999",23.0,Texas Christian,1610612739,Cleveland Cavaliers,Cleveland,MAR
1629650,Moses Brown,7-2,245,"OCT 13, 1999",22.0,UCLA,1610612739,Cleveland Cavaliers,Cleveland,OCT
1630205,Lamar Stevens,6-6,230,"JUL 09, 1997",24.0,Penn State,1610612739,Cleveland Cavaliers,Cleveland,JUL
1629685,Dylan Windler,6-6,196,"SEP 22, 1996",25.0,Belmont,1610612739,Cleveland Cavaliers,Cleveland,SEP
1629636,Darius Garland,6-1,192,"JAN 26, 2000",22.0,Vanderbilt,1610612739,Cleveland Cavaliers,Cleveland,JAN
1626224,Cedi Osman,6-7,230,"APR 08, 1995",27.0,Anadolu Efes,1610612739,Cleveland Cavaliers,Cleveland,APR
202334,Ed Davis,6-9,218,"JUN 05, 1989",33.0,North Carolina,1610612739,Cleveland Cavaliers,Cleveland,JUN
1628374,Lauri Markkanen,6-11,240,"MAY 22, 1997",25.0,Arizona,1610612739,Cleveland Cavaliers,Cleveland,MAY
1628386,Jarrett Allen,6-10,243,"APR 21, 1998",24.0,Texas,1610612739,Cleveland Cavaliers,Cleveland,APR
1629731,Dean Wade,6-9,228,"NOV 20, 1996",25.0,Kansas State,1610612739,Cleveland Cavaliers,Cleveland,NOV
1630171,Isaac Okoro,6-5,225,"JAN 26, 2001",21.0,Auburn,1610612739,Cleveland Cavaliers,Cleveland,JAN
1629627,Zion Williamson,6-6,284,"JUL 06, 2000",21.0,Duke,1610612740,New Orleans Pelicans,New Orleans,JUL
1629607,Jared Harper,5-10,175,"SEP 14, 1997",24.0,Auburn,1610612740,New Orleans Pelicans,New Orleans,SEP
203468,CJ McCollum,6-3,190,"SEP 19, 1991",30.0,Lehigh,1610612740,New Orleans Pelicans,New Orleans,SEP
1628984,Devonte' Graham,6-1,195,"FEB 22, 1995",27.0,Kansas,1610612740,New Orleans Pelicans,New Orleans,FEB
1630529,Herbert Jones,6-7,206,"OCT 06, 1998",23.0,Alabama,1610612740,New Orleans Pelicans,New Orleans,OCT
1630230,Naji Marshall,6-7,220,"JAN 24, 1998",24.0,Xavier,1610612740,New Orleans Pelicans,New Orleans,JAN
1626195,Willy Hernangomez,6-11,250,"MAY 27, 1994",28.0,Cajasol Sevilla,1610612740,New Orleans Pelicans,New Orleans,MAY
1629637,Jaxson Hayes,6-11,220,"MAY 23, 2000",22.0,Texas,1610612740,New Orleans Pelicans,New Orleans,MAY
1629109,Gary Clark,6-6,225,"NOV 16, 1994",27.0,Cincinnati,1610612740,New Orleans Pelicans,New Orleans,NOV
1630184,Kira Lewis Jr.,6-1,170,"APR 06, 2001",21.0,Alabama,1610612740,New Orleans Pelicans,New Orleans,APR
1627742,Brandon Ingram,6-8,190,"SEP 02, 1997",24.0,Duke,1610612740,New Orleans Pelicans,New Orleans,SEP
1630631,Jose Alvarado,6-0,179,"APR 12, 1998",24.0,Georgia Tech,1610612740,New Orleans Pelicans,New Orleans,APR
202685,Jonas Valanciunas,6-11,265,"MAY 06, 1992",30.0,Lietuvos rytas Vilnius,1610612740,New Orleans Pelicans,New Orleans,MAY
203503,Tony Snell,6-6,213,"NOV 10, 1991",30.0,New Mexico,1610612740,New Orleans Pelicans,New Orleans,NOV
1626204,Larry Nance Jr.,6-7,245,"JAN 01, 1993",29.0,Wyoming,1610612740,New Orleans Pelicans,New Orleans,JAN
1630530,Trey Murphy III,6-8,206,"JUN 18, 2000",22.0,Virginia,1610612740,New Orleans Pelicans,New Orleans,JUN
202066,Garrett Temple,6-5,195,"MAY 08, 1986",36.0,Louisiana State,1610612740,New Orleans Pelicans,New Orleans,MAY
1629632,Coby White,6-4,195,"FEB 16, 2000",22.0,North Carolina,1610612741,Chicago Bulls,Chicago,FEB
1628366,Lonzo Ball,6-6,190,"OCT 27, 1997",24.0,UCLA,1610612741,Chicago Bulls,Chicago,OCT
202684,Tristan Thompson,6-9,254,"MAR 13, 1991",31.0,University of Texas at Austin,1610612741,Chicago Bulls,Chicago,MAR
1627884,Derrick Jones Jr.,6-6,210,"FEB 15, 1997",25.0,UNLV,1610612741,Chicago Bulls,Chicago,FEB
1627936,Alex Caruso,6-5,186,"FEB 28, 1994",28.0,Texas A&M,1610612741,Chicago Bulls,Chicago,FEB
1628972,Troy Brown Jr.,6-6,215,"JUL 28, 1999",22.0,Oregon,1610612741,Chicago Bulls,Chicago,JUL
203897,Zach LaVine,6-5,200,"MAR 10, 1995",27.0,UCLA,1610612741,Chicago Bulls,Chicago,MAR
202696,Nikola Vucevic,6-10,260,"OCT 24, 1990",31.0,Southern California,1610612741,Chicago Bulls,Chicago,OCT
201942,DeMar DeRozan,6-6,220,"AUG 07, 1989",32.0,Southern California,1610612741,Chicago Bulls,Chicago,AUG
1630245,Ayo Dosunmu,6-4,200,"JAN 17, 2000",22.0,Illinois,1610612741,Chicago Bulls,Chicago,JAN
1628396,Tony Bradley,6-10,248,"JAN 08, 1998",24.0,North Carolina,1610612741,Chicago Bulls,Chicago,JAN
1630792,Malcolm Hill,6-6,220,"OCT 26, 1995",26.0,Illinois,1610612741,Chicago Bulls,Chicago,OCT
1630250,Marko Simonovic,6-11,220,"OCT 15, 1999",22.0,Mega Basket,1610612741,Chicago Bulls,Chicago,OCT
1629744,Matt Thomas,6-3,190,"AUG 04, 1994",27.0,Iowa State,1610612741,Chicago Bulls,Chicago,AUG
1629750,Javonte Green,6-5,205,"JUL 23, 1993",28.0,Radford,1610612741,Chicago Bulls,Chicago,JUL
1629076,Tyler Cook,6-8,255,"SEP 23, 1997",24.0,Iowa,1610612741,Chicago Bulls,Chicago,SEP
1630172,Patrick Williams,6-7,215,"AUG 26, 2001",20.0,Florida State,1610612741,Chicago Bulls,Chicago,AUG
1628425,Sterling Brown,6-5,219,"FEB 10, 1995",27.0,Southern Methodist,1610612742,Dallas Mavericks,Dallas,FEB
1629033,Theo Pinson,6-5,212,"NOV 05, 1995",26.0,North Carolina,1610612742,Dallas Mavericks,Dallas,NOV
203504,Trey Burke,6-0,185,"NOV 12, 1992",29.0,Michigan,1610612742,Dallas Mavericks,Dallas,NOV
1630589,Moses Wright,6-8,226,"DEC 23, 1998",23.0,Georgia Tech,1610612742,Dallas Mavericks,Dallas,DEC
203939,Dwight Powell,6-10,240,"JUL 20, 1991",30.0,Stanford,1610612742,Dallas Mavericks,Dallas,JUL
1630182,Josh Green,6-5,200,"NOV 16, 2000",21.0,Arizona,1610612742,Dallas Mavericks,Dallas,NOV
1627827,Dorian Finney-Smith,6-7,220,"MAY 04, 1993",29.0,Florida,1610612742,Dallas Mavericks,Dallas,MAY
203501,Tim Hardaway Jr.,6-5,205,"MAR 16, 1992",30.0,Michigan,1610612742,Dallas Mavericks,Dallas,MAR
1628973,Jalen Brunson,6-1,190,"AUG 31, 1996",25.0,Villanova,1610612742,Dallas Mavericks,Dallas,AUG
1628373,Frank Ntilikina,6-4,200,"JUL 28, 1998",23.0,Strasbourg IG,1610612742,Dallas Mavericks,Dallas,JUL
203493,Reggie Bullock,6-6,205,"MAR 16, 1991",31.0,North Carolina,1610612742,Dallas Mavericks,Dallas,MAR
203915,Spencer Dinwiddie,6-6,215,"APR 06, 1993",29.0,Colorado,1610612742,Dallas Mavericks,Dallas,APR
1627737,Marquese Chriss,6-9,240,"JUL 02, 1997",24.0,Washington,1610612742,Dallas Mavericks,Dallas,JUL
1628467,Maxi Kleber,6-10,240,"JAN 29, 1992",30.0,Bayern Munich,1610612742,Dallas Mavericks,Dallas,JAN
202722,Davis Bertans,6-10,225,"NOV 12, 1992",29.0,Baskonia,1610612742,Dallas Mavericks,Dallas,NOV
1626246,Boban Marjanovic,7-3,290,"AUG 15, 1988",33.0,Crvena zvezda,1610612742,Dallas Mavericks,Dallas,AUG
1629029,Luka Doncic,6-7,230,"FEB 28, 1999",23.0,Real Madrid,1610612742,Dallas Mavericks,Dallas,FEB
1630210,Markus Howard,5-10,175,"MAR 03, 1999",23.0,Marquette,1610612743,Denver Nuggets,Denver,MAR
203210,JaMychal Green,6-8,227,"JUN 21, 1990",32.0,Alabama,1610612743,Denver Nuggets,Denver,JUN
1629008,Michael Porter Jr.,6-10,218,"JUN 29, 1998",24.0,Missouri,1610612743,Denver Nuggets,Denver,JUN
1630538,Bones Hyland,6-2,169,"SEP 14, 2000",21.0,Virginia Commonwealth,1610612743,Denver Nuggets,Denver,SEP
202326,DeMarcus Cousins,6-10,270,"AUG 13, 1990",31.0,Kentucky,1610612743,Denver Nuggets,Denver,AUG
203115,Will Barton,6-5,181,"JAN 06, 1991",31.0,Memphis,1610612743,Denver Nuggets,Denver,JAN
1627854,Bryn Forbes,6-2,205,"JUL 23, 1993",28.0,Michigan State,1610612743,Denver Nuggets,Denver,JUL
1630267,Facundo Campazzo,5-10,195,"MAR 23, 1991",31.0,Murcia,1610612743,Denver Nuggets,Denver,MAR
1628432,Davon Reed,6-5,206,"JUN 11, 1995",27.0,Miami,1610612743,Denver Nuggets,Denver,JUN
1628420,Monte Morris,6-2,183,"JUN 27, 1995",27.0,Iowa State,1610612743,Denver Nuggets,Denver,JUN
203999,Nikola Jokic,6-11,284,"FEB 19, 1995",27.0,Mega Basket,1610612743,Denver Nuggets,Denver,FEB
1630192,Zeke Nnaji,6-9,240,"JAN 09, 2001",21.0,Arizona,1610612743,Denver Nuggets,Denver,JAN
203085,Austin Rivers,6-4,200,"AUG 01, 1992",29.0,Duke,1610612743,Denver Nuggets,Denver,AUG
1627750,Jamal Murray,6-3,215,"FEB 23, 1997",25.0,Kentucky,1610612743,Denver Nuggets,Denver,FEB
1628427,Vlatko Cancar,6-8,236,"APR 10, 1997",25.0,San Pablo Burgos,1610612743,Denver Nuggets,Denver,APR
201145,Jeff Green,6-8,235,"AUG 28, 1986",35.0,Georgetown,1610612743,Denver Nuggets,Denver,AUG
203932,Aaron Gordon,6-8,235,"SEP 16, 1995",26.0,Arizona,1610612743,Denver Nuggets,Denver,SEP
1630228,Jonathan Kuminga,6-7,225,"OCT 06, 2002",19.0,NBA G League Ignite,1610612744,Golden State Warriors,Golden State,OCT
1627780,Gary Payton II,6-3,195,"DEC 01, 1992",29.0,Oregon State,1610612744,Golden State Warriors,Golden State,DEC
1627814,Damion Lee,6-5,210,"OCT 21, 1992",29.0,Drexel,1610612744,Golden State Warriors,Golden State,OCT
1629185,Chris Chiozza,5-11,175,"NOV 21, 1995",26.0,Florida,1610612744,Golden State Warriors,Golden State,NOV
1629673,Jordan Poole,6-4,194,"JUN 19, 1999",23.0,Michigan,1610612744,Golden State Warriors,Golden State,JUN
1630541,Moses Moody,6-5,211,"MAY 31, 2002",20.0,Arkansas,1610612744,Golden State Warriors,Golden State,MAY
1626172,Kevon Looney,6-9,222,"FEB 06, 1996",26.0,UCLA,1610612744,Golden State Warriors,Golden State,FEB
202357,Nemanja Bjelica,6-9,234,"MAY 09, 1988",34.0,Fenerbahce,1610612744,Golden State Warriors,Golden State,MAY
2738,Andre Iguodala,6-6,215,"JAN 28, 1984",38.0,Arizona,1610612744,Golden State Warriors,Golden State,JAN
202691,Klay Thompson,6-6,220,"FEB 08, 1990",32.0,Washington State,1610612744,Golden State Warriors,Golden State,FEB
1629683,Quinndary Weatherspoon,6-3,205,"SEP 10, 1996",25.0,Mississippi State,1610612744,Golden State Warriors,Golden State,SEP
203952,Andrew Wiggins,6-7,197,"FEB 23, 1995",27.0,Kansas,1610612744,Golden State Warriors,Golden State,FEB
203110,Draymond Green,6-6,230,"MAR 04, 1990",32.0,Michigan State,1610612744,Golden State Warriors,Golden State,MAR
201939,Stephen Curry,6-2,185,"MAR 14, 1988",34.0,Davidson,1610612744,Golden State Warriors,Golden State,MAR
203490,Otto Porter Jr.,6-8,198,"JUN 03, 1993",29.0,Georgetown,1610612744,Golden State Warriors,Golden State,JUN
1630164,James Wiseman,7-0,240,"MAR 31, 2001",21.0,Memphis,1610612744,Golden State Warriors,Golden State,MAR
1629308,Juan Toscano-Anderson,6-6,209,"APR 10, 1993",29.0,Marquette,1610612744,Golden State Warriors,Golden State,APR
1630224,Jalen Green,6-4,186,"FEB 09, 2002",20.0,NBA G League Ignite,1610612745,Houston Rockets,Houston,FEB
202322,John Wall,6-3,210,"SEP 06, 1990",31.0,Kentucky,1610612745,Houston Rockets,Houston,SEP
1628021,David Nwaba,6-5,219,"JAN 14, 1993",29.0,Cal Poly-Obispo,1610612745,Houston Rockets,Houston,JAN
1629645,Kevin Porter Jr.,6-4,203,"MAY 04, 2000",22.0,Southern California,1610612745,Houston Rockets,Houston,MAY
1630231,Kenyon Martin Jr.,6-5,215,"JAN 06, 2001",21.0,IMG Academy (FL),1610612745,Houston Rockets,Houston,JAN
1630256,Jae'Sean Tate,6-4,230,"OCT 28, 1995",26.0,Ohio State,1610612745,Houston Rockets,Houston,OCT
1630528,Josh Christopher,6-3,215,"DEC 08, 2001",20.0,Arizona State,1610612745,Houston Rockets,Houston,DEC
201569,Eric Gordon,6-3,215,"DEC 25, 1988",33.0,Indiana,1610612745,Houston Rockets,Houston,DEC
1630227,Daishen Nix,6-4,226,"FEB 13, 2002",20.0,NBA G League Ignite,1610612745,Houston Rockets,Houston,FEB
1630586,Usman Garuba,6-8,229,"MAR 09, 2002",20.0,Real Madrid,1610612745,Houston Rockets,Houston,MAR
203471,Dennis Schroder,6-1,172,"SEP 15, 1993",28.0,Braunschweig,1610612745,Houston Rockets,Houston,SEP
1628981,Bruno Fernando,6-9,240,"AUG 15, 1998",23.0,Maryland,1610612745,Houston Rockets,Houston,AUG
1630243,Trevelin Queen,6-6,190,"FEB 25, 1997",25.0,New Mexico State,1610612745,Houston Rockets,Houston,FEB
1629726,Garrison Mathews,6-5,215,"OCT 24, 1996",25.0,Lipscomb,1610612745,Houston Rockets,Houston,OCT
1630578,Alperen Sengun,6-10,243,"JUL 25, 2002",19.0,Besiktas,1610612745,Houston Rockets,Houston,JUL
1630237,Anthony Lamb,6-6,227,"JAN 20, 1998",24.0,Vermont,1610612745,Houston Rockets,Houston,JAN
1626174,Christian Wood,6-9,214,"SEP 27, 1995",26.0,UNLV,1610612745,Houston Rockets,Houston,SEP
1630206,Jay Scrubb,6-5,220,"SEP 01, 2000",21.0,John A. Logan,1610612746,Los Angeles Clippers,Los Angeles,SEP
202704,Reggie Jackson,6-2,208,"APR 16, 1990",32.0,Boston College,1610612746,Los Angeles Clippers,Los Angeles,APR
202695,Kawhi Leonard,6-7,225,"JUN 29, 1991",31.0,San Diego State,1610612746,Los Angeles Clippers,Los Angeles,JUN
1630527,Brandon Boston Jr.,6-6,188,"NOV 28, 2001",20.0,Kentucky,1610612746,Los Angeles Clippers,Los Angeles,NOV
1628379,Luke Kennard,6-5,206,"JUN 24, 1996",26.0,Duke,1610612746,Los Angeles Clippers,Los Angeles,JUN
1629599,Amir Coffey,6-7,210,"JUN 17, 1997",25.0,Minnesota,1610612746,Los Angeles Clippers,Los Angeles,JUN
202694,Marcus Morris Sr.,6-8,218,"SEP 02, 1989",32.0,Kansas,1610612746,Los Angeles Clippers,Los Angeles,SEP
202331,Paul George,6-8,220,"MAY 02, 1990",32.0,Fresno State,1610612746,Los Angeles Clippers,Los Angeles,MAY
1629611,Terance Mann,6-5,215,"OCT 18, 1996",25.0,Florida State,1610612746,Los Angeles Clippers,Los Angeles,OCT
1629875,Xavier Moon,6-2,165,"JAN 02, 1995",27.0,Morehead State,1610612746,Los Angeles Clippers,Los Angeles,JAN
1630554,Jason Preston,6-3,181,"AUG 10, 1999",22.0,Ohio,1610612746,Los Angeles Clippers,Los Angeles,AUG
203918,Rodney Hood,6-8,208,"OCT 20, 1992",29.0,Duke,1610612746,Los Angeles Clippers,Los Angeles,OCT
203496,Robert Covington,6-7,209,"DEC 14, 1990",31.0,Tennessee State,1610612746,Los Angeles Clippers,Los Angeles,DEC
1626181,Norman Powell,6-3,215,"MAY 25, 1993",29.0,UCLA,1610612746,Los Angeles Clippers,Los Angeles,MAY
201587,Nicolas Batum,6-8,230,"DEC 14, 1988",33.0,Le Mans,1610612746,Los Angeles Clippers,Los Angeles,DEC
1627826,Ivica Zubac,7-0,240,"MAR 18, 1997",25.0,Mega Basket,1610612746,Los Angeles Clippers,Los Angeles,MAR
1628392,Isaiah Hartenstein,7-0,250,"MAY 05, 1998",24.0,Zalgiris,1610612746,Los Angeles Clippers,Los Angeles,MAY
201566,Russell Westbrook,6-3,200,"NOV 12, 1988",33.0,UCLA,1610612747,Los Angeles Lakers,Los Angeles,NOV
201961,Wayne Ellington,6-4,207,"NOV 29, 1987",34.0,North Carolina,1610612747,Los Angeles Lakers,Los Angeles,NOV
203076,Anthony Davis,6-10,253,"MAR 11, 1993",29.0,Kentucky,1610612747,Los Angeles Lakers,Los Angeles,MAR
201571,D.J. Augustin,5-11,183,"NOV 10, 1987",34.0,Texas-Austin,1610612747,Los Angeles Lakers,Los Angeles,NOV
1629659,Talen Horton-Tucker,6-4,234,"NOV 25, 2000",21.0,Iowa State,1610612747,Los Angeles Lakers,Los Angeles,NOV
2544,LeBron James,6-9,250,"DEC 30, 1984",37.0,St. Vincent-St. Mary HS (OH),1610612747,Los Angeles Lakers,Los Angeles,DEC
2546,Carmelo Anthony,6-7,238,"MAY 29, 1984",38.0,Syracuse,1610612747,Los Angeles Lakers,Los Angeles,MAY
203145,Kent Bazemore,6-4,195,"JUL 01, 1989",32.0,Old Dominion,1610612747,Los Angeles Lakers,Los Angeles,JUL
1628370,Malik Monk,6-3,200,"FEB 04, 1998",24.0,Kentucky,1610612747,Los Angeles Lakers,Los Angeles,FEB
1629134,Kendrick Nunn,6-2,190,"AUG 03, 1995",26.0,Oakland,1610612747,Los Angeles Lakers,Los Angeles,AUG
1626169,Stanley Johnson,6-6,242,"MAY 29, 1996",26.0,Arizona,1610612747,Los Angeles Lakers,Los Angeles,MAY
1630559,Austin Reaves,6-5,197,"MAY 29, 1998",24.0,Oklahoma,1610612747,Los Angeles Lakers,Los Angeles,MAY
202340,Avery Bradley,6-3,180,"NOV 26, 1990",31.0,Texas-Austin,1610612747,Los Angeles Lakers,Los Angeles,NOV
1629117,Wenyen Gabriel,6-9,205,"MAR 26, 1997",25.0,Kentucky,1610612747,Los Angeles Lakers,Los Angeles,MAR
1630644,Mac McClung,6-2,185,"JAN 06, 1999",23.0,Texas Tech,1610612747,Los Angeles Lakers,Los Angeles,JAN
2730,Dwight Howard,6-10,265,"DEC 08, 1985",36.0,SW Atlanta Christian Academy (GA),1610612747,Los Angeles Lakers,Los Angeles,DEC
1630222,Mason Jones,6-4,200,"JUL 21, 1998",23.0,Arkansas,1610612747,Los Angeles Lakers,Los Angeles,JUL
1629216,Gabe Vincent,6-3,200,"JUN 14, 1996",26.0,California-Santa Barbara,1610612748,Miami Heat,Miami,JUN
203506,Victor Oladipo,6-4,213,"MAY 04, 1992",30.0,Indiana,1610612748,Miami Heat,Miami,MAY
200768,Kyle Lowry,6-0,196,"MAR 25, 1986",36.0,Villanova,1610612748,Miami Heat,Miami,MAR
202693,Markieff Morris,6-9,245,"SEP 02, 1989",32.0,Kansas,1610612748,Miami Heat,Miami,SEP
1628539,Mychal Mulder,6-3,195,"JUN 12, 1994",28.0,Kentucky,1610612748,Miami Heat,Miami,JUN
1628389,Bam Adebayo,6-9,255,"JUL 18, 1997",24.0,Kentucky,1610612748,Miami Heat,Miami,JUL
1629639,Tyler Herro,6-5,195,"JAN 20, 2000",22.0,Kentucky,1610612748,Miami Heat,Miami,JAN
1630606,Javonte Smart,6-4,205,"JUN 03, 1999",23.0,Louisiana State,1610612748,Miami Heat,Miami,JUN
1628997,Caleb Martin,6-5,205,"SEP 28, 1995",26.0,Nevada,1610612748,Miami Heat,Miami,SEP
200782,P.J. Tucker,6-5,245,"MAY 05, 1985",37.0,Texas,1610612748,Miami Heat,Miami,MAY
203473,Dewayne Dedmon,7-0,245,"AUG 12, 1989",32.0,Southern California,1610612748,Miami Heat,Miami,AUG
202710,Jimmy Butler,6-7,230,"SEP 14, 1989",32.0,Marquette,1610612748,Miami Heat,Miami,SEP
1629312,Haywood Highsmith,6-4,220,"DEC 09, 1996",25.0,Wheeling Jesuit,1610612748,Miami Heat,Miami,DEC
1629622,Max Strus,6-5,215,"MAR 28, 1996",26.0,DePaul,1610612748,Miami Heat,Miami,MAR
2617,Udonis Haslem,6-8,235,"JUN 09, 1980",42.0,Florida,1610612748,Miami Heat,Miami,JUN
1629130,Duncan Robinson,6-7,215,"APR 22, 1994",28.0,Michigan,1610612748,Miami Heat,Miami,APR
1630209,Omer Yurtseven,6-11,275,"JUN 19, 1998",24.0,Georgetown,1610612748,Miami Heat,Miami,JUN
201588,George Hill,6-4,188,"MAY 04, 1986",36.0,Indiana-Purdue Indianapolis,1610612749,Milwaukee Bucks,Milwaukee,MAY
1628975,Jevon Carter,6-1,200,"SEP 14, 1995",26.0,West Virginia,1610612749,Milwaukee Bucks,Milwaukee,SEP
1630492,Luca Vildoza,6-3,190,"AUG 11, 1995",26.0,                                   ,1610612749,Milwaukee Bucks,Milwaukee,AUG
1628960,Grayson Allen,6-4,198,"OCT 08, 1995",26.0,Duke,1610612749,Milwaukee Bucks,Milwaukee,OCT
1626171,Bobby Portis,6-10,250,"FEB 10, 1995",27.0,Arkansas,1610612749,Milwaukee Bucks,Milwaukee,FEB
201572,Brook Lopez,7-0,282,"APR 01, 1988",34.0,Stanford,1610612749,Milwaukee Bucks,Milwaukee,APR
1629670,Jordan Nwora,6-8,225,"SEP 09, 1998",23.0,Louisville,1610612749,Milwaukee Bucks,Milwaukee,SEP
201950,Jrue Holiday,6-3,205,"JUN 12, 1990",32.0,UCLA,1610612749,Milwaukee Bucks,Milwaukee,JUN
203114,Khris Middleton,6-7,222,"AUG 12, 1991",30.0,Texas A&M,1610612749,Milwaukee Bucks,Milwaukee,AUG
202083,Wesley Matthews,6-4,220,"OCT 14, 1986",35.0,Marquette,1610612749,Milwaukee Bucks,Milwaukee,OCT
1626192,Pat Connaughton,6-5,209,"JAN 06, 1993",29.0,Notre Dame,1610612749,Milwaukee Bucks,Milwaukee,JAN
201586,Serge Ibaka,6-10,235,"SEP 18, 1989",32.0,Ricoh Manresa,1610612749,Milwaukee Bucks,Milwaukee,SEP
1629623,Lindell Wigginton,6-1,189,"MAR 28, 1998",24.0,Iowa State,1610612749,Milwaukee Bucks,Milwaukee,MAR
203507,Giannis Antetokounmpo,6-11,242,"DEC 06, 1994",27.0,Filathlitikos,1610612749,Milwaukee Bucks,Milwaukee,DEC
203648,Thanasis Antetokounmpo,6-6,219,"JUL 18, 1992",29.0,Panathinaikos,1610612749,Milwaukee Bucks,Milwaukee,JUL
1630572,Sandro Mamukelashvili,6-9,240,"MAY 23, 1999",23.0,Seton Hall,1610612749,Milwaukee Bucks,Milwaukee,MAY
1629730,Rayjon Tucker,6-3,209,"SEP 24, 1997",24.0,Arkansas-Little Rock,1610612749,Milwaukee Bucks,Milwaukee,SEP
1626156,D'Angelo Russell,6-4,193,"FEB 23, 1996",26.0,Ohio State,1610612750,Minnesota Timberwolves,Minnesota,FEB
1630162,Anthony Edwards,6-4,225,"AUG 05, 2001",20.0,Georgia,1610612750,Minnesota Timberwolves,Minnesota,AUG
1630183,Jaden McDaniels,6-9,185,"SEP 29, 2000",21.0,Washington,1610612750,Minnesota Timberwolves,Minnesota,SEP
1629669,Jaylen Nowell,6-4,201,"JUL 09, 1999",22.0,Washington,1610612750,Minnesota Timberwolves,Minnesota,JUL
1627736,Malik Beasley,6-4,187,"NOV 26, 1996",25.0,Florida State,1610612750,Minnesota Timberwolves,Minnesota,NOV
1629162,Jordan McLaughlin,5-11,185,"APR 09, 1996",26.0,Southern California,1610612750,Minnesota Timberwolves,Minnesota,APR
1629020,Jarred Vanderbilt,6-9,214,"APR 03, 1999",23.0,Kentucky,1610612750,Minnesota Timberwolves,Minnesota,APR
1630195,Leandro Bolmaro,6-6,200,"SEP 11, 2000",21.0,FC Barcelona,1610612750,Minnesota Timberwolves,Minnesota,SEP
1627774,Jake Layman,6-8,209,"MAR 07, 1994",28.0,Maryland,1610612750,Minnesota Timberwolves,Minnesota,MAR
1629675,Naz Reid,6-9,264,"AUG 26, 1999",22.0,Louisiana State,1610612750,Minnesota Timberwolves,Minnesota,AUG
1627752,Taurean Prince,6-6,218,"MAR 22, 1994",28.0,Baylor,1610612750,Minnesota Timberwolves,Minnesota,MAR
1630233,Nathan Knight,6-10,253,"SEP 20, 1997",24.0,William & Mary,1610612750,Minnesota Timberwolves,Minnesota,SEP
202328,Greg Monroe,6-10,250,"JUN 04, 1990",32.0,Georgetown,1610612750,Minnesota Timberwolves,Minnesota,JUN
1629006,Josh Okogie,6-4,213,"SEP 01, 1998",23.0,Georgia Tech,1610612750,Minnesota Timberwolves,Minnesota,SEP
201976,Patrick Beverley,6-1,180,"JUL 12, 1988",33.0,Arkansas,1610612750,Minnesota Timberwolves,Minnesota,JUL
1630593,McKinley Wright IV,5-11,192,"OCT 25, 1998",23.0,Colorado,1610612750,Minnesota Timberwolves,Minnesota,OCT
1626157,Karl-Anthony Towns,6-11,248,"NOV 15, 1995",26.0,Kentucky,1610612750,Minnesota Timberwolves,Minnesota,NOV
203083,Andre Drummond,6-10,279,"AUG 10, 1993",28.0,Connecticut,1610612751,Brooklyn Nets,Brooklyn,AUG
1628971,Bruce Brown,6-4,202,"AUG 15, 1996",25.0,Miami,1610612751,Brooklyn Nets,Brooklyn,AUG
201933,Blake Griffin,6-9,250,"MAR 16, 1989",33.0,Oklahoma,1610612751,Brooklyn Nets,Brooklyn,MAR
1630561,David Duke Jr.,6-4,204,"OCT 13, 1999",22.0,Providence,1610612751,Brooklyn Nets,Brooklyn,OCT
201142,Kevin Durant,6-10,240,"SEP 29, 1988",33.0,Texas,1610612751,Brooklyn Nets,Brooklyn,SEP
201988,Patty Mills,6-0,180,"AUG 11, 1988",33.0,St. Mary's,1610612751,Brooklyn Nets,Brooklyn,AUG
201609,Goran Dragic,6-3,190,"MAY 06, 1986",36.0,Union Olimpija,1610612751,Brooklyn Nets,Brooklyn,MAY
1627732,Ben Simmons,6-11,240,"JUL 20, 1996",25.0,Louisiana State,1610612751,Brooklyn Nets,Brooklyn,JUL
202681,Kyrie Irving,6-2,195,"MAR 23, 1992",30.0,Duke,1610612751,Brooklyn Nets,Brooklyn,MAR
203925,Joe Harris,6-6,220,"SEP 06, 1991",30.0,Virginia,1610612751,Brooklyn Nets,Brooklyn,SEP
1630556,Kessler Edwards,6-7,203,"AUG 09, 2000",21.0,Pepperdine,1610612751,Brooklyn Nets,Brooklyn,AUG
1630549,Day'Ron Sharpe,6-9,265,"NOV 06, 2001",20.0,North Carolina,1610612751,Brooklyn Nets,Brooklyn,NOV
200746,LaMarcus Aldridge,6-11,250,"JUL 19, 1985",36.0,Texas-Austin,1610612751,Brooklyn Nets,Brooklyn,JUL
1630560,Cam Thomas,6-3,210,"OCT 13, 2001",20.0,Louisiana State,1610612751,Brooklyn Nets,Brooklyn,OCT
203552,Seth Curry,6-2,185,"AUG 23, 1990",31.0,Duke,1610612751,Brooklyn Nets,Brooklyn,AUG
1629651,Nic Claxton,6-11,215,"APR 17, 1999",23.0,Georgia,1610612751,Brooklyn Nets,Brooklyn,APR
1630167,Obi Toppin,6-9,220,"MAR 04, 1998",24.0,Dayton,1610612752,New York Knicks,New York,MAR
1630540,Miles McBride,6-1,195,"SEP 08, 2000",21.0,West Virginia,1610612752,New York Knicks,New York,SEP
203457,Nerlens Noel,6-11,220,"APR 10, 1994",28.0,Kentucky,1610612752,New York Knicks,New York,APR
201565,Derrick Rose,6-2,200,"OCT 04, 1988",33.0,Memphis,1610612752,New York Knicks,New York,OCT
1630193,Immanuel Quickley,6-3,190,"JUN 17, 1999",23.0,Kentucky,1610612752,New York Knicks,New York,JUN
1629656,Quentin Grimes,6-4,210,"MAY 08, 2000",22.0,Houston,1610612752,New York Knicks,New York,MAY
202689,Kemba Walker,6-0,184,"MAY 08, 1990",32.0,Connecticut,1610612752,New York Knicks,New York,MAY
1629628,RJ Barrett,6-6,214,"JUN 14, 2000",22.0,Duke,1610612752,New York Knicks,New York,JUN
1630624,Feron Hunt,6-8,195,"JUL 05, 1999",22.0,Southern Methodist,1610612752,New York Knicks,New York,JUL
203095,Evan Fournier,6-6,205,"OCT 29, 1992",29.0,Poitiers Basket 86,1610612752,New York Knicks,New York,OCT
202692,Alec Burks,6-6,214,"JUL 20, 1991",30.0,Colorado,1610612752,New York Knicks,New York,JUL
1629629,Cam Reddish,6-8,217,"SEP 01, 1999",22.0,Duke,1610612752,New York Knicks,New York,SEP
1629011,Mitchell Robinson,7-0,240,"APR 01, 1998",24.0,Western Kentucky,1610612752,New York Knicks,New York,APR
203944,Julius Randle,6-8,250,"NOV 29, 1994",27.0,Kentucky,1610612752,New York Knicks,New York,NOV
1630579,Jericho Sims,6-9,250,"OCT 20, 1998",23.0,Texas,1610612752,New York Knicks,New York,OCT
1627853,Ryan Arcidiacono,6-3,195,"MAR 26, 1994",28.0,Villanova,1610612752,New York Knicks,New York,MAR
201959,Taj Gibson,6-9,232,"JUN 24, 1985",37.0,Southern California,1610612752,New York Knicks,New York,JUN
1628371,Jonathan Isaac,6-10,230,"OCT 03, 1997",24.0,Florida State,1610612753,Orlando Magic,Orlando,OCT
1629643,Chuma Okeke,6-6,229,"AUG 18, 1998",23.0,Auburn,1610612753,Orlando Magic,Orlando,AUG
1630591,Jalen Suggs,6-5,205,"JUN 03, 2001",21.0,Gonzaga,1610612753,Orlando Magic,Orlando,JUN
1628964,Mo Bamba,7-0,231,"MAY 12, 1998",24.0,Texas,1610612753,Orlando Magic,Orlando,MAY
1629626,Bol Bol,7-2,220,"NOV 16, 1999",22.0,Oregon,1610612753,Orlando Magic,Orlando,NOV
1630181,R.J. Hampton,6-4,175,"FEB 07, 2001",21.0,New Zealand Breakers,1610612753,Orlando Magic,Orlando,FEB
203914,Gary Harris,6-4,210,"SEP 14, 1994",27.0,Michigan State,1610612753,Orlando Magic,Orlando,SEP
1629649,Ignas Brazdeikis,6-6,221,"JAN 08, 1999",23.0,Michigan,1610612753,Orlando Magic,Orlando,JAN
1628365,Markelle Fultz,6-4,209,"MAY 29, 1998",24.0,Washington,1610612753,Orlando Magic,Orlando,MAY
1629021,Moritz Wagner,6-11,245,"APR 26, 1997",25.0,Michigan,1610612753,Orlando Magic,Orlando,APR
1630532,Franz Wagner,6-10,220,"AUG 27, 2001",20.0,Michigan,1610612753,Orlando Magic,Orlando,AUG
1629678,Admiral Schofield,6-5,241,"MAR 30, 1997",25.0,Tennessee,1610612753,Orlando Magic,Orlando,MAR
1629962,Devin Cannady,6-2,183,"MAY 21, 1996",26.0,Princeton,1610612753,Orlando Magic,Orlando,MAY
203082,Terrence Ross,6-6,206,"FEB 05, 1991",31.0,Washington,1610612753,Orlando Magic,Orlando,FEB
201577,Robin Lopez,7-0,281,"APR 01, 1988",34.0,Stanford,1610612753,Orlando Magic,Orlando,APR
1628976,Wendell Carter Jr.,6-10,270,"APR 16, 1999",23.0,Duke,1610612753,Orlando Magic,Orlando,APR
1630175,Cole Anthony,6-3,185,"MAY 15, 2000",22.0,North Carolina,1610612753,Orlando Magic,Orlando,MAY
1628221,Gabe York,6-3,190,"AUG 02, 1993",28.0,Arizona,1610612754,Indiana Pacers,Indiana,AUG
1630169,Tyrese Haliburton,6-5,185,"FEB 29, 2000",22.0,Iowa State,1610612754,Indiana Pacers,Indiana,FEB
203933,T.J. Warren,6-8,220,"SEP 05, 1993",28.0,North Carolina State,1610612754,Indiana Pacers,Indiana,SEP
1630537,Chris Duarte,6-5,190,"JUN 13, 1997",25.0,Oregon,1610612754,Indiana Pacers,Indiana,JUN
1630613,Duane Washington Jr.,6-3,197,"MAR 24, 2000",22.0,Ohio State,1610612754,Indiana Pacers,Indiana,MAR
202362,Lance Stephenson,6-5,210,"SEP 05, 1990",31.0,Cincinnati,1610612754,Indiana Pacers,Indiana,SEP
1627763,Malcolm Brogdon,6-5,229,"DEC 11, 1992",29.0,Virginia,1610612754,Indiana Pacers,Indiana,DEC
204456,T.J. McConnell,6-1,190,"MAR 25, 1992",30.0,Arizona,1610612754,Indiana Pacers,Indiana,MAR
1629052,Oshae Brissett,6-7,210,"JUN 20, 1998",24.0,Syracuse,1610612754,Indiana Pacers,Indiana,JUN
1630207,Nate Hinton,6-5,210,"JUN 08, 1999",23.0,Houston,1610612754,Indiana Pacers,Indiana,JUN
1630543,Isaiah Jackson,6-10,205,"JAN 10, 2002",20.0,Kentucky,1610612754,Indiana Pacers,Indiana,JAN
1627741,Buddy Hield,6-4,220,"DEC 17, 1992",29.0,Oklahoma,1610612754,Indiana Pacers,Indiana,DEC
1630188,Jalen Smith,6-10,215,"MAR 16, 2000",22.0,Maryland,1610612754,Indiana Pacers,Indiana,MAR
1630678,Terry Taylor,6-5,230,"SEP 23, 1999",22.0,Austin Peay,1610612754,Indiana Pacers,Indiana,SEP
1626167,Myles Turner,6-11,250,"MAR 24, 1996",26.0,Texas,1610612754,Indiana Pacers,Indiana,MAR
1629048,Goga Bitadze,7-0,250,"JUL 20, 1999",22.0,Mega Basket,1610612754,Indiana Pacers,Indiana,JUL
201937,Ricky Rubio,6-2,190,"OCT 21, 1990",31.0,FC Barcelona,1610612754,Indiana Pacers,Indiana,OCT
1630178,Tyrese Maxey,6-2,200,"NOV 04, 2000",21.0,Kentucky,1610612755,Philadelphia 76ers,Philadelphia,NOV
201935,James Harden,6-5,220,"AUG 26, 1989",32.0,Arizona State,1610612755,Philadelphia 76ers,Philadelphia,AUG
1629619,Myles Powell,6-2,195,"JUL 07, 1997",24.0,Seton Hall,1610612755,Philadelphia 76ers,Philadelphia,JUL
1630198,Isaiah Joe,6-4,165,"JUL 02, 1999",22.0,Arkansas,1610612755,Philadelphia 76ers,Philadelphia,JUL
200794,Paul Millsap,6-7,257,"FEB 10, 1985",37.0,Louisiana Tech,1610612755,Philadelphia 76ers,Philadelphia,FEB
201599,DeAndre Jordan,6-11,265,"JUL 21, 1988",33.0,Texas A&M,1610612755,Philadelphia 76ers,Philadelphia,JUL
1630531,Jaden Springer,6-4,202,"SEP 25, 2002",19.0,Tennessee,1610612755,Philadelphia 76ers,Philadelphia,SEP
202699,Tobias Harris,6-7,226,"JUL 15, 1992",29.0,Tennessee,1610612755,Philadelphia 76ers,Philadelphia,JUL
201980,Danny Green,6-6,215,"JUN 22, 1987",35.0,North Carolina,1610612755,Philadelphia 76ers,Philadelphia,JUN
1629718,Charlie Brown Jr.,6-6,199,"FEB 02, 1997",25.0,St. Joseph's (PA),1610612755,Philadelphia 76ers,Philadelphia,FEB
1629003,Shake Milton,6-5,205,"SEP 26, 1996",25.0,Southern Methodist,1610612755,Philadelphia 76ers,Philadelphia,SEP
1627777,Georges Niang,6-7,230,"JUN 17, 1993",29.0,Iowa State,1610612755,Philadelphia 76ers,Philadelphia,JUN
203954,Joel Embiid,7-0,280,"MAR 16, 1994",28.0,Kansas,1610612755,Philadelphia 76ers,Philadelphia,MAR
1629680,Matisse Thybulle,6-5,201,"MAR 04, 1997",25.0,Washington,1610612755,Philadelphia 76ers,Philadelphia,MAR
1629646,Charles Bassey,6-9,230,"OCT 28, 2000",21.0,Western Kentucky,1610612755,Philadelphia 76ers,Philadelphia,OCT
1627788,Furkan Korkmaz,6-7,202,"JUL 24, 1997",24.0,Anadolu Efes,1610612755,Philadelphia 76ers,Philadelphia,JUL
1630194,Paul Reed,6-9,210,"JUN 14, 1999",23.0,DePaul,1610612755,Philadelphia 76ers,Philadelphia,JUN
201580,JaVale McGee,7-0,270,"JAN 19, 1988",34.0,Nevada,1610612756,Phoenix Suns,Phoenix,JAN
1628470,Torrey Craig,6-7,221,"DEC 19, 1990",31.0,South Carolina Upstate,1610612756,Phoenix Suns,Phoenix,DEC
1626164,Devin Booker,6-5,206,"OCT 30, 1996",25.0,Kentucky,1610612756,Phoenix Suns,Phoenix,OCT
203901,Elfrid Payton,6-3,195,"FEB 22, 1994",28.0,Louisana-Lafayette,1610612756,Phoenix Suns,Phoenix,FEB
101108,Chris Paul,6-0,175,"MAY 06, 1985",37.0,Wake Forest,1610612756,Phoenix Suns,Phoenix,MAY
1628988,Aaron Holiday,6-0,185,"SEP 30, 1996",25.0,UCLA,1610612756,Phoenix Suns,Phoenix,SEP
1630688,Ish Wainright,6-5,250,"SEP 12, 1994",27.0,Baylor,1610612756,Phoenix Suns,Phoenix,SEP
1629013,Landry Shamet,6-4,190,"MAR 13, 1997",25.0,Wichita State,1610612756,Phoenix Suns,Phoenix,MAR
1626166,Cameron Payne,6-1,183,"AUG 08, 1994",27.0,Murray State,1610612756,Phoenix Suns,Phoenix,AUG
202687,Bismack Biyombo,6-8,255,"AUG 28, 1992",29.0,Baloncesto Fuenlabrada,1610612756,Phoenix Suns,Phoenix,AUG
1630994,Gabriel Lundberg,6-4,203,"DEC 04, 1994",27.0,CSKA Moscow,1610612756,Phoenix Suns,Phoenix,DEC
203967,Dario Saric,6-10,225,"APR 08, 1994",28.0,Anadolu Efes,1610612756,Phoenix Suns,Phoenix,APR
1629028,Deandre Ayton,6-11,250,"JUL 23, 1998",23.0,Arizona,1610612756,Phoenix Suns,Phoenix,JUL
1629661,Cameron Johnson,6-8,210,"MAR 03, 1996",26.0,North Carolina,1610612756,Phoenix Suns,Phoenix,MAR
1628969,Mikal Bridges,6-6,209,"AUG 30, 1996",25.0,Villanova,1610612756,Phoenix Suns,Phoenix,AUG
203109,Jae Crowder,6-6,235,"JUL 06, 1990",31.0,Marquette,1610612756,Phoenix Suns,Phoenix,JUL
203081,Damian Lillard,6-2,195,"JUL 15, 1990",31.0,Weber State,1610612757,Portland Trail Blazers,Portland,JUL
204060,Joe Ingles,6-8,220,"OCT 02, 1987",34.0,Maccabi Tel Aviv,1610612757,Portland Trail Blazers,Portland,OCT
1629014,Anfernee Simons,6-3,181,"JUN 08, 1999",23.0,Edgewater HS (FL),1610612757,Portland Trail Blazers,Portland,JUN
1630570,Trendon Watford,6-8,237,"NOV 09, 2000",21.0,Louisiana State,1610612757,Portland Trail Blazers,Portland,NOV
1630535,Greg Brown III,6-7,206,"SEP 01, 2001",20.0,Texas,1610612757,Portland Trail Blazers,Portland,SEP
202339,Eric Bledsoe,6-1,214,"DEC 09, 1989",32.0,Kentucky,1610612757,Portland Trail Blazers,Portland,DEC
1630553,Keon Johnson,6-4,185,"MAR 10, 2002",20.0,Tennessee,1610612757,Portland Trail Blazers,Portland,MAR
1630314,Brandon Williams,6-2,190,"NOV 22, 1999",22.0,Arizona,1610612757,Portland Trail Blazers,Portland,NOV
1629642,Nassir Little,6-5,220,"FEB 11, 2000",22.0,North Carolina,1610612757,Portland Trail Blazers,Portland,FEB
1628404,Josh Hart,6-5,215,"MAR 06, 1995",27.0,Villanova,1610612757,Portland Trail Blazers,Portland,MAR
1629604,CJ Elleby,6-6,200,"JUN 16, 2000",22.0,Washington State,1610612757,Portland Trail Blazers,Portland,JUN
1630190,Elijah Hughes,6-5,215,"MAR 10, 1998",24.0,Syracuse,1610612757,Portland Trail Blazers,Portland,MAR
1629833,Keljin Blevins,6-4,200,"NOV 24, 1995",26.0,Montana State,1610612757,Portland Trail Blazers,Portland,NOV
203463,Ben McLemore,6-3,195,"FEB 11, 1993",29.0,Kansas,1610612757,Portland Trail Blazers,Portland,FEB
1626159,Justise Winslow,6-6,222,"MAR 26, 1996",26.0,Duke,1610612757,Portland Trail Blazers,Portland,MAR
203994,Jusuf Nurkic,6-11,290,"AUG 23, 1994",27.0,Cedevita,1610612757,Portland Trail Blazers,Portland,AUG
1629712,Didi Louzada,6-5,188,"JUL 02, 1999",22.0,Sydney Kings,1610612757,Portland Trail Blazers,Portland,JUL
1628978,Donte DiVincenzo,6-4,203,"JAN 31, 1997",25.0,Villanova,1610612758,Sacramento Kings,Sacramento,JAN
1629056,Terence Davis,6-4,201,"MAY 16, 1997",25.0,Mississippi,1610612758,Sacramento Kings,Sacramento,MAY
1628368,De'Aaron Fox,6-3,185,"DEC 20, 1997",24.0,Kentucky,1610612758,Sacramento Kings,Sacramento,DEC
1629002,Chimezie Metu,6-9,225,"MAR 22, 1997",25.0,Southern California,1610612758,Sacramento Kings,Sacramento,MAR
203090,Maurice Harkless,6-7,220,"MAY 11, 1993",29.0,"St. John's, N.Y.",1610612758,Sacramento Kings,Sacramento,MAY
203200,Justin Holiday,6-6,180,"APR 05, 1989",33.0,Washington,1610612758,Sacramento Kings,Sacramento,APR
1627734,Domantas Sabonis,6-11,240,"MAY 03, 1996",26.0,Gonzaga,1610612758,Sacramento Kings,Sacramento,MAY
1630558,Davion Mitchell,6-0,202,"SEP 05, 1998",23.0,Baylor,1610612758,Sacramento Kings,Sacramento,SEP
1626158,Richaun Holmes,6-10,235,"OCT 15, 1993",28.0,Bowling Green,1610612758,Sacramento Kings,Sacramento,OCT
203458,Alex Len,7-0,250,"JUN 16, 1993",29.0,Maryland,1610612758,Sacramento Kings,Sacramento,JUN
203087,Jeremy Lamb,6-5,180,"MAY 30, 1992",30.0,Connecticut,1610612758,Sacramento Kings,Sacramento,MAY
1627745,Damian Jones,6-11,245,"JUN 30, 1995",27.0,Vanderbilt,1610612758,Sacramento Kings,Sacramento,JUN
203084,Harrison Barnes,6-8,225,"MAY 30, 1992",30.0,North Carolina,1610612758,Sacramento Kings,Sacramento,MAY
1626168,Trey Lyles,6-9,234,"NOV 05, 1995",26.0,Kentucky,1610612758,Sacramento Kings,Sacramento,NOV
1628367,Josh Jackson,6-8,207,"FEB 10, 1997",25.0,Kansas,1610612758,Sacramento Kings,Sacramento,FEB
1629674,Neemias Queta,7-0,248,"JUL 13, 1999",22.0,Utah State,1610612758,Sacramento Kings,Sacramento,JUL
1629022,Lonnie Walker IV,6-4,204,"DEC 14, 1998",23.0,Miami,1610612759,San Antonio Spurs,San Antonio,DEC
1629640,Keldon Johnson,6-6,220,"OCT 11, 1999",22.0,Kentucky,1610612759,San Antonio Spurs,San Antonio,OCT
1627749,Dejounte Murray,6-4,180,"SEP 19, 1996",25.0,Washington,1610612759,San Antonio Spurs,San Antonio,SEP
1626196,Josh Richardson,6-5,200,"SEP 15, 1993",28.0,Tennessee,1610612759,San Antonio Spurs,San Antonio,SEP
1630563,Joshua Primo,6-4,189,"DEC 24, 2002",19.0,Alabama,1610612759,San Antonio Spurs,San Antonio,DEC
1630580,Joe Wieskamp,6-6,205,"AUG 23, 1999",22.0,Iowa,1610612759,San Antonio Spurs,San Antonio,AUG
203926,Doug McDermott,6-7,225,"JAN 03, 1992",30.0,Creighton,1610612759,San Antonio Spurs,San Antonio,JAN
1629719,Devontae Cacok,6-7,240,"OCT 08, 1996",25.0,North Carolina-Wilmington,1610612759,San Antonio Spurs,San Antonio,OCT
1630597,DJ Stewart,6-5,205,"JUL 28, 1999",22.0,Mississippi State,1610612759,San Antonio Spurs,San Antonio,JUL
1628380,Zach Collins,6-11,250,"NOV 19, 1997",24.0,Gonzaga,1610612759,San Antonio Spurs,San Antonio,NOV
1630170,Devin Vassell,6-5,200,"AUG 23, 2000",21.0,Florida State,1610612759,San Antonio Spurs,San Antonio,AUG
1627751,Jakob Poeltl,7-1,245,"OCT 15, 1995",26.0,Utah,1610612759,San Antonio Spurs,San Antonio,OCT
1630218,Robert Woodard II,6-6,235,"SEP 22, 1999",22.0,Mississippi State,1610612759,San Antonio Spurs,San Antonio,SEP
1628966,Keita Bates-Diop,6-8,229,"JAN 23, 1996",26.0,Ohio State,1610612759,San Antonio Spurs,San Antonio,JAN
1630200,Tre Jones,6-1,185,"JAN 08, 2000",22.0,Duke,1610612759,San Antonio Spurs,San Antonio,JAN
1629111,Jock Landale,6-11,255,"OCT 25, 1995",26.0,St. Mary's,1610612759,San Antonio Spurs,San Antonio,OCT
1629641,Romeo Langford,6-5,216,"OCT 25, 1999",22.0,Indiana,1610612759,San Antonio Spurs,San Antonio,OCT
1628983,Shai Gilgeous-Alexander,6-6,180,"JUL 12, 1998",23.0,Kentucky,1610612760,Oklahoma City Thunder,Oklahoma City,JUL
1630581,Josh Giddey,6-8,205,"OCT 10, 2002",19.0,NBA Global Academy,1610612760,Oklahoma City Thunder,Oklahoma City,OCT
1629652,Luguentz Dort,6-3,215,"APR 19, 1999",23.0,Arizona State,1610612760,Oklahoma City Thunder,Oklahoma City,APR
1628982,Melvin Frazier Jr.,6-5,215,"AUG 30, 1996",25.0,Tulane,1610612760,Oklahoma City Thunder,Oklahoma City,AUG
1629647,Darius Bazley,6-8,208,"JUN 12, 2000",22.0,Princeton HS (OH),1610612760,Oklahoma City Thunder,Oklahoma City,JUN
1630177,Theo Maledon,6-4,175,"JUN 12, 2001",21.0,Asvel,1610612760,Oklahoma City Thunder,Oklahoma City,JUN
1630322,Lindy Waters III,6-6,215,"JUL 28, 1997",24.0,Oklahoma State,1610612760,Oklahoma City Thunder,Oklahoma City,JUL
202324,Derrick Favors,6-9,265,"JUL 15, 1991",30.0,Georgia Tech,1610612760,Oklahoma City Thunder,Oklahoma City,JUL
1629660,Ty Jerome,6-5,195,"JUL 08, 1997",24.0,Virginia,1610612760,Oklahoma City Thunder,Oklahoma City,JUL
1630197,Aleksej Pokusevski,7-0,190,"DEC 26, 2001",20.0,Olympiacos,1610612760,Oklahoma City Thunder,Oklahoma City,DEC
1630598,Aaron Wiggins,6-4,190,"JAN 02, 1999",23.0,Maryland,1610612760,Oklahoma City Thunder,Oklahoma City,JAN
1629676,Isaiah Roby,6-8,230,"FEB 03, 1998",24.0,Nebraska,1610612760,Oklahoma City Thunder,Oklahoma City,FEB
1630544,Tre Mann,6-3,178,"FEB 03, 2001",21.0,Florida,1610612760,Oklahoma City Thunder,Oklahoma City,FEB
1630249,Vit Krejci,6-8,195,"JUN 19, 2000",22.0,Zaragoza,1610612760,Oklahoma City Thunder,Oklahoma City,JUN
203488,Mike Muscala,6-10,240,"JUL 01, 1991",30.0,Bucknell,1610612760,Oklahoma City Thunder,Oklahoma City,JUL
1629026,Kenrich Williams,6-6,210,"DEC 02, 1994",27.0,TCU,1610612760,Oklahoma City Thunder,Oklahoma City,DEC
1630526,Jeremiah Robinson-Earl,6-8,242,"NOV 03, 2000",21.0,Villanova,1610612760,Oklahoma City Thunder,Oklahoma City,NOV
1630595,Cade Cunningham,6-6,220,"SEP 25, 2001",20.0,Oklahoma State,1610612765,Detroit Pistons,Detroit,SEP
1629035,Carsen Edwards,5-11,200,"MAR 12, 1998",24.0,Purdue,1610612765,Detroit Pistons,Detroit,MAR
1628402,Frank Jackson,6-3,205,"MAY 04, 1998",24.0,Duke,1610612765,Detroit Pistons,Detroit,MAY
1628977,Hamidou Diallo,6-5,202,"JUL 31, 1998",23.0,Kentucky,1610612765,Detroit Pistons,Detroit,JUL
1630165,Killian Hayes,6-5,195,"JUL 27, 2001",20.0,Ratiopharm Ulm,1610612765,Detroit Pistons,Detroit,JUL
203924,Jerami Grant,6-8,210,"MAR 12, 1994",28.0,Syracuse,1610612765,Detroit Pistons,Detroit,MAR
1630587,Isaiah Livers,6-6,232,"JUL 28, 1998",23.0,Michigan,1610612765,Detroit Pistons,Detroit,JUL
203482,Kelly Olynyk,6-11,240,"APR 19, 1991",31.0,Gonzaga,1610612765,Detroit Pistons,Detroit,APR
203585,Rodney McGruder,6-4,205,"JUL 29, 1991",30.0,Kansas State,1610612765,Detroit Pistons,Detroit,JUL
1630296,Braxton Key,6-8,225,"FEB 14, 1997",25.0,Virginia,1610612765,Detroit Pistons,Detroit,FEB
202709,Cory Joseph,6-3,200,"AUG 20, 1991",30.0,Texas,1610612765,Detroit Pistons,Detroit,AUG
1630691,Jamorko Pickett,6-9,206,"DEC 24, 1997",24.0,Georgetown,1610612765,Detroit Pistons,Detroit,DEC
1630191,Isaiah Stewart,6-8,250,"MAY 22, 2001",21.0,Washington,1610612765,Detroit Pistons,Detroit,MAY
1628963,Marvin Bagley III,6-11,235,"MAR 14, 1999",23.0,Duke,1610612765,Detroit Pistons,Detroit,MAR
1630240,Saben Lee,6-2,183,"JUN 23, 1999",23.0,Vanderbilt,1610612765,Detroit Pistons,Detroit,JUN
1630180,Saddiq Bey,6-7,215,"APR 09, 1999",23.0,Villanova,1610612765,Detroit Pistons,Detroit,APR
1630568,Luka Garza,6-10,243,"DEC 27, 1998",23.0,Iowa,1610612765,Detroit Pistons,Detroit,DEC
1628970,Miles Bridges,6-7,225,"MAR 21, 1998",24.0,Michigan State,1610612766,Charlotte Hornets,Charlotte,MAR
1630163,LaMelo Ball,6-7,180,"AUG 22, 2001",20.0,Illawarra,1610612766,Charlotte Hornets,Charlotte,AUG
1626179,Terry Rozier,6-1,190,"MAR 17, 1994",28.0,Louisville,1610612766,Charlotte Hornets,Charlotte,MAR
202738,Isaiah Thomas,5-9,185,"FEB 07, 1989",33.0,Washington,1610612766,Charlotte Hornets,Charlotte,FEB
1630547,James Bouknight,6-4,190,"SEP 18, 2000",21.0,Connecticut,1610612766,Charlotte Hornets,Charlotte,SEP
1629667,Jalen McDaniels,6-9,205,"JAN 31, 1998",24.0,San Diego State,1610612766,Charlotte Hornets,Charlotte,JAN
1626149,Montrezl Harrell,6-7,240,"JAN 26, 1994",28.0,Louisville,1610612766,Charlotte Hornets,Charlotte,JAN
1628998,Cody Martin,6-6,205,"SEP 28, 1995",26.0,Nevada,1610612766,Charlotte Hornets,Charlotte,SEP
1626162,Kelly Oubre Jr.,6-6,203,"DEC 09, 1995",26.0,Kansas,1610612766,Charlotte Hornets,Charlotte,DEC
1630208,Nick Richards,7-0,245,"NOV 29, 1997",24.0,Kentucky,1610612766,Charlotte Hornets,Charlotte,NOV
1630575,Scottie Lewis,6-5,185,"MAR 12, 2000",22.0,Florida,1610612766,Charlotte Hornets,Charlotte,MAR
202330,Gordon Hayward,6-7,225,"MAR 23, 1990",32.0,Butler,1610612766,Charlotte Hornets,Charlotte,MAR
1630550,JT Thor,6-9,203,"AUG 26, 2002",19.0,Auburn,1610612766,Charlotte Hornets,Charlotte,AUG
1630539,Kai Jones,6-10,221,"JAN 19, 2001",21.0,Texas,1610612766,Charlotte Hornets,Charlotte,JAN
203486,Mason Plumlee,6-11,254,"MAR 05, 1990",32.0,Duke,1610612766,Charlotte Hornets,Charlotte,MAR
1629023,P.J. Washington,6-7,230,"AUG 23, 1998",23.0,Kentucky,1610612766,Charlotte Hornets,Charlotte,AUG
1629083,Arnoldas Kulboka,6-10,209,"JAN 04, 1998",24.0,Bilbao,1610612766,Charlotte Hornets,Charlotte,JAN
1629717,Armoni Brooks,6-3,195,"JUN 05, 1998",24.0,Houston,1610612761,Toronto Raptors,Toronto,JUN
1628384,O.G. Anunoby,6-7,232,"JUL 17, 1997",24.0,Indiana,1610612761,Toronto Raptors,Toronto,JUL
1630567,Scottie Barnes,6-7,225,"AUG 01, 2001",20.0,Florida State,1610612761,Toronto Raptors,Toronto,AUG
1630173,Precious Achiuwa,6-8,225,"SEP 19, 1999",22.0,Memphis,1610612761,Toronto Raptors,Toronto,SEP
1630551,Justin Champagnie,6-6,206,"JUN 29, 2001",21.0,Pittsburgh,1610612761,Toronto Raptors,Toronto,JUN
1630525,David Johnson,6-4,203,"FEB 26, 2001",21.0,Louisville,1610612761,Toronto Raptors,Toronto,FEB
1629004,Svi Mykhailiuk,6-7,205,"JUN 10, 1997",25.0,Kansas,1610612761,Toronto Raptors,Toronto,JUN
1629067,Isaac Bonga,6-8,180,"NOV 08, 1999",22.0,Skyliners Frankfurt,1610612761,Toronto Raptors,Toronto,NOV
1629139,Yuta Watanabe,6-9,215,"OCT 13, 1994",27.0,George Washington,1610612761,Toronto Raptors,Toronto,OCT
201152,Thaddeus Young,6-8,235,"JUN 21, 1988",34.0,Georgia Tech,1610612761,Toronto Raptors,Toronto,JUN
1630201,Malachi Flynn,6-1,175,"MAY 09, 1998",24.0,San Diego State,1610612761,Toronto Raptors,Toronto,MAY
1627832,Fred VanVleet,6-1,197,"FEB 25, 1994",28.0,Wichita State,1610612761,Toronto Raptors,Toronto,FEB
203920,Khem Birch,6-9,233,"SEP 28, 1992",29.0,UNLV,1610612761,Toronto Raptors,Toronto,SEP
1628449,Chris Boucher,6-9,200,"JAN 11, 1993",29.0,Oregon,1610612761,Toronto Raptors,Toronto,JAN
1629018,Gary Trent Jr.,6-5,209,"JAN 18, 1999",23.0,Duke,1610612761,Toronto Raptors,Toronto,JAN
1627783,Pascal Siakam,6-8,230,"APR 02, 1994",28.0,New Mexico State,1610612761,Toronto Raptors,Toronto,APR
1630625,Dalano Banton,6-7,204,"NOV 07, 1999",22.0,Nebraska,1610612761,Toronto Raptors,Toronto,NOV
1629672,Eric Paschall,6-6,255,"NOV 04, 1996",25.0,Villanova,1610612762,Utah Jazz,Utah,NOV
203903,Jordan Clarkson,6-4,194,"JUN 07, 1992",30.0,Missouri,1610612762,Utah Jazz,Utah,JUN
1630235,Trent Forrest,6-4,210,"JUN 12, 1998",24.0,Florida State,1610612762,Utah Jazz,Utah,JUN
1629638,Nickeil Alexander-Walker,6-5,205,"SEP 02, 1998",23.0,Virginia Tech,1610612762,Utah Jazz,Utah,SEP
200752,Rudy Gay,6-8,250,"AUG 17, 1986",35.0,Connecticut,1610612762,Utah Jazz,Utah,AUG
201144,Mike Conley,6-1,175,"OCT 11, 1987",34.0,Ohio State,1610612762,Utah Jazz,Utah,OCT
1630215,Jared Butler,6-3,193,"AUG 25, 2000",21.0,Baylor,1610612762,Utah Jazz,Utah,AUG
1630270,Xavier Sneed,6-5,215,"DEC 21, 1997",24.0,Kansas State,1610612762,Utah Jazz,Utah,DEC
1628962,Udoka Azubuike,7-0,270,"SEP 17, 1999",22.0,Kansas,1610612762,Utah Jazz,Utah,SEP
202355,Hassan Whiteside,7-0,265,"JUN 13, 1989",33.0,Marshall,1610612762,Utah Jazz,Utah,JUN
1626220,Royce O'Neale,6-5,226,"JUN 05, 1993",29.0,Baylor,1610612762,Utah Jazz,Utah,JUN
1627863,Danuel House Jr.,6-6,220,"JUN 07, 1993",29.0,Texas A&M,1610612762,Utah Jazz,Utah,JUN
203497,Rudy Gobert,7-1,258,"JUN 26, 1992",30.0,Cholet,1610612762,Utah Jazz,Utah,JUN
1627823,Juancho Hernangomez,6-9,214,"SEP 28, 1995",26.0,Estudiantes,1610612762,Utah Jazz,Utah,SEP
202711,Bojan Bogdanovic,6-7,226,"APR 18, 1989",33.0,Fenerbahce,1610612762,Utah Jazz,Utah,APR
1628378,Donovan Mitchell,6-1,215,"SEP 07, 1996",25.0,Louisville,1610612762,Utah Jazz,Utah,SEP
1629001,De'Anthony Melton,6-2,200,"MAY 28, 1998",24.0,Southern California,1610612763,Memphis Grizzlies,Memphis,MAY
203937,Kyle Anderson,6-9,230,"SEP 20, 1993",28.0,UCLA,1610612763,Memphis Grizzlies,Memphis,SEP
1630214,Xavier Tillman,6-8,245,"JAN 12, 1999",23.0,Michigan State,1610612763,Memphis Grizzlies,Memphis,JAN
1630179,Tyrell Terry,6-2,160,"SEP 28, 2000",21.0,Stanford,1610612763,Memphis Grizzlies,Memphis,SEP
203500,Steven Adams,6-11,265,"JUL 20, 1993",28.0,Pittsburgh,1610612763,Memphis Grizzlies,Memphis,JUL
1630582,Yves Pons,6-5,206,"MAY 07, 1999",23.0,Tennessee,1610612763,Memphis Grizzlies,Memphis,MAY
1630583,Santi Aldama,6-11,215,"JAN 10, 2001",21.0,Loyola-Maryland,1610612763,Memphis Grizzlies,Memphis,JAN
1630533,Ziaire Williams,6-9,185,"SEP 12, 2001",20.0,Stanford,1610612763,Memphis Grizzlies,Memphis,SEP
1629630,Ja Morant,6-3,174,"AUG 10, 1999",22.0,Murray State,1610612763,Memphis Grizzlies,Memphis,AUG
1628991,Jaren Jackson Jr.,6-11,242,"SEP 15, 1999",22.0,Michigan State,1610612763,Memphis Grizzlies,Memphis,SEP
1629634,Brandon Clarke,6-8,215,"SEP 19, 1996",25.0,Gonzaga,1610612763,Memphis Grizzlies,Memphis,SEP
1626145,Tyus Jones,6-0,196,"MAY 10, 1996",26.0,Duke,1610612763,Memphis Grizzlies,Memphis,MAY
1630217,Desmond Bane,6-5,215,"JUN 25, 1998",24.0,TCU,1610612763,Memphis Grizzlies,Memphis,JUN
1629633,Jarrett Culver,6-6,195,"FEB 20, 1999",23.0,Texas Tech,1610612763,Memphis Grizzlies,Memphis,FEB
1628415,Dillon Brooks,6-7,225,"JAN 22, 1996",26.0,Oregon,1610612763,Memphis Grizzlies,Memphis,JAN
1629681,Killian Tillie,6-9,220,"MAR 05, 1998",24.0,Gonzaga,1610612763,Memphis Grizzlies,Memphis,MAR
1629723,John Konchar,6-5,210,"MAR 22, 1996",26.0,Indiana-Purdue Fort Wayne,1610612763,Memphis Grizzlies,Memphis,MAR
203484,Kentavious Caldwell-Pope,6-5,204,"FEB 18, 1993",29.0,Georgia,1610612764,Washington Wizards,Washington,FEB
203078,Bradley Beal,6-4,207,"JUN 28, 1993",29.0,Florida,1610612764,Washington Wizards,Washington,JUN
202397,Ish Smith,6-0,175,"JUL 05, 1988",33.0,Wake Forest,1610612764,Washington Wizards,Washington,JUL
1630216,Cassius Winston,6-1,185,"FEB 28, 1998",24.0,Michigan State,1610612764,Washington Wizards,Washington,FEB
204001,Kristaps Porzingis,7-3,240,"AUG 02, 1995",26.0,Cajasol Sevilla,1610612764,Washington Wizards,Washington,AUG
1629060,Rui Hachimura,6-8,230,"FEB 08, 1998",24.0,Gonzaga,1610612764,Washington Wizards,Washington,FEB
1630166,Deni Avdija,6-9,210,"JAN 03, 2001",21.0,Maccabi Tel Aviv,1610612764,Washington Wizards,Washington,JAN
1628418,Thomas Bryant,6-10,248,"JUL 31, 1997",24.0,Indiana,1610612764,Washington Wizards,Washington,JUL
1630225,Isaiah Todd,6-9,219,"OCT 17, 2001",20.0,NBA G League Ignite,1610612764,Washington Wizards,Washington,OCT
1630264,Anthony Gill,6-7,230,"OCT 17, 1992",29.0,Virginia,1610612764,Washington Wizards,Washington,OCT
203526,Raul Neto,6-2,180,"MAY 19, 1992",30.0,Murcia,1610612764,Washington Wizards,Washington,MAY
1630648,Jordan Schakel,6-6,200,"JUN 13, 1998",24.0,San Diego State,1610612764,Washington Wizards,Washington,JUN
1629655,Daniel Gafford,6-9,234,"OCT 01, 1998",23.0,Arkansas,1610612764,Washington Wizards,Washington,OCT
1630176,Vernon Carey Jr.,6-9,270,"FEB 25, 2001",21.0,Duke,1610612764,Washington Wizards,Washington,FEB
1630557,Corey Kispert,6-6,224,"MAR 03, 1999",23.0,Gonzaga,1610612764,Washington Wizards,Washington,MAR
203107,Tomas Satoransky,6-7,210,"OCT 30, 1991",30.0,FC Barcelona,1610612764,Washington Wizards,Washington,OCT
1628398,Kyle Kuzma,6-9,221,"JUL 24, 1995",26.0,Utah,1610612764,Washington Wizards,Washington,JUL
