,Player ID,Player Name,Height,Weight,Birthday,Age,School,Team ID,TEAM_NAME,TEAM_CITY,DRAFT_YEAR,DRAFT_ROUND,DRAFT_NUMBER,Player,PER,G
0,1626153,Delon Wright,6-5,185,"APR 26, 1992",30.0,Utah,1610612737,Wizards,Washington,2015,1.0,20.0,Delon Wright,13.8,77.0
1,1630552,Jalen Johnson,6-8,219,"DEC 18, 2001",20.0,Duke,1610612737,Hawks,Atlanta,2021,1.0,20.0,Jalen Johnson,11.3,22.0
2,1630536,Sharife Cooper,6-1,176,"JUN 11, 2001",21.0,Auburn,1610612737,Hawks,Atlanta,2021,2.0,48.0,Sharife Cooper,-5.4,13.0
3,1628989,Kevin Huerter,6-7,198,"AUG 27, 1998",23.0,Maryland,1610612737,Kings,Sacramento,2018,1.0,19.0,Kevin Huerter,11.9,74.0
4,1630219,Skylar Mays,6-4,205,"SEP 05, 1997",24.0,Louisiana State,1610612737,Hawks,Atlanta,2020,2.0,50.0,Skylar Mays,11.7,28.0
5,1628995,Kevin Knox II,6-7,215,"AUG 11, 1999",22.0,Kentucky,1610612737,Pistons,Detroit,2018,1.0,9.0,Kevin Knox II,10.9,30.0
6,101150,Lou Williams,6-2,175,"OCT 27, 1986",35.0,South Gwinnett HS (GA),1610612737,Hawks,Atlanta,2005,2.0,45.0,Lou Williams,12.1,56.0
7,1627789,Timothe Luwawu-Cabarrot,6-7,215,"MAY 09, 1995",27.0,                                   ,1610612737,Hawks,Atlanta,2016,1.0,24.0,Timothe Luwawu-Cabarrot,9.3,52.0
8,201568,Danilo Gallinari,6-10,236,"AUG 08, 1988",33.0,Olimpia Milano,1610612737,Celtics,Boston,2008,1.0,6.0,Danilo Gallinari,14.3,66.0
9,203476,Gorgui Dieng,6-10,248,"JAN 18, 1990",32.0,Louisville,1610612737,Spurs,San Antonio,2013,1.0,21.0,Gorgui Dieng,17.3,44.0
10,1629027,Trae Young,6-1,164,"SEP 19, 1998",23.0,Oklahoma,1610612737,Hawks,Atlanta,2018,1.0,5.0,Trae Young,25.4,76.0
11,1629631,De'Andre Hunter,6-8,221,"DEC 02, 1997",24.0,Virginia,1610612737,Hawks,Atlanta,2019,1.0,4.0,De'Andre Hunter,10.6,53.0
12,203992,Bogdan Bogdanovic,6-6,225,"AUG 18, 1992",29.0,Fenerbahce,1610612737,Hawks,Atlanta,2014,1.0,27.0,Bogdan Bogdanovic,15.4,63.0
13,203991,Clint Capela,6-10,256,"MAY 18, 1994",28.0,Elan Chalon,1610612737,Hawks,Atlanta,2014,1.0,25.0,Clint Capela,21.4,74.0
14,1630168,Onyeka Okongwu,6-8,240,"DEC 11, 2000",21.0,Southern California,1610612737,Hawks,Atlanta,2020,1.0,6.0,Onyeka Okongwu,19.8,48.0
15,1628381,John Collins,6-9,226,"SEP 23, 1997",24.0,Wake Forest,1610612737,Hawks,Atlanta,2017,1.0,19.0,John Collins,18.7,54.0
16,1630602,Chaundee Brown Jr.,6-5,215,"DEC 04, 1998",23.0,Michigan,1610612737,Hawks,Atlanta,Undrafted,3.0,61.0,Chaundee Brown Jr.,6.4,5.0
17,1630346,Matt Ryan,6-7,215,"APR 17, 1997",25.0,Tennessee-Chattanooga,1610612738,Lakers,Los Angeles,Undrafted,3.0,61.0,Matt Ryan,3.5,1.0
18,1628369,Jayson Tatum,6-8,210,"MAR 03, 1998",24.0,Duke,1610612738,Celtics,Boston,2017,1.0,3.0,Jayson Tatum,21.8,76.0
19,1627759,Jaylen Brown,6-6,223,"OCT 24, 1996",25.0,California,1610612738,Celtics,Boston,2016,1.0,3.0,Jaylen Brown,18.9,66.0
20,1630238,Malik Fitts,6-5,230,"JUL 04, 1997",24.0,St. Mary's College,1610612738,Celtics,Boston,Undrafted,3.0,61.0,Malik Fitts,10.7,15.0
21,1628401,Derrick White,6-4,190,"JUL 02, 1994",27.0,Colorado,1610612738,Celtics,Boston,2017,1.0,29.0,Derrick White,14.8,75.0
22,1630202,Payton Pritchard,6-1,195,"JAN 28, 1998",24.0,Oregon,1610612738,Celtics,Boston,2020,1.0,26.0,Payton Pritchard,15.0,71.0
23,1629684,Grant Williams,6-6,236,"NOV 30, 1998",23.0,Tennessee,1610612738,Celtics,Boston,2019,1.0,22.0,Grant Williams,11.2,77.0
24,203917,Nik Stauskas,6-6,207,"OCT 07, 1993",28.0,Michigan,1610612738,Celtics,Boston,2014,1.0,8.0,Nik Stauskas,10.5,8.0
25,1629752,Juwan Morgan,6-7,232,"APR 17, 1997",25.0,Indiana,1610612738,Celtics,Boston,Undrafted,3.0,61.0,Juwan Morgan,8.3,2.0
26,1630174,Aaron Nesmith,6-5,215,"OCT 16, 1999",22.0,Vanderbilt,1610612738,Pacers,Indiana,2020,1.0,14.0,Aaron Nesmith,7.3,52.0
27,1628464,Daniel Theis,6-9,245,"APR 04, 1992",30.0,Brose Bamberg,1610612738,Pacers,Indiana,Undrafted,3.0,61.0,Daniel Theis,13.2,47.0
28,1630573,Sam Hauser,6-7,217,"DEC 08, 1997",24.0,Virginia,1610612738,Celtics,Boston,Undrafted,3.0,61.0,Sam Hauser,14.8,26.0
29,203935,Marcus Smart,6-4,220,"MAR 06, 1994",28.0,Oklahoma State,1610612738,Celtics,Boston,2014,1.0,6.0,Marcus Smart,13.6,71.0
30,1628436,Luke Kornet,7-2,250,"JUL 15, 1995",26.0,Vanderbilt,1610612738,Celtics,Boston,Undrafted,3.0,61.0,Luke Kornet,16.6,15.0
31,201143,Al Horford,6-9,240,"JUN 03, 1986",36.0,Florida,1610612738,Celtics,Boston,2007,1.0,3.0,Al Horford,16.7,69.0
32,1629057,Robert Williams III,6-9,237,"OCT 17, 1997",24.0,Texas A&M,1610612738,Celtics,Boston,2018,1.0,27.0,Robert Williams III,22.1,61.0
33,1630271,Brodric Thomas,6-5,185,"JAN 28, 1997",25.0,,1610612738,Celtics,Boston,Undrafted,3.0,61.0,Brodric Thomas,10.0,12.0
34,201567,Kevin Love,6-8,251,"SEP 07, 1988",33.0,UCLA,1610612739,Cavaliers,Cleveland,2008,1.0,5.0,Kevin Love,19.6,74.0
35,1629164,Brandon Goodwin,6-0,180,"OCT 02, 1995",26.0,Florida Gulf Coast,1610612739,Cavaliers,Cleveland,Undrafted,3.0,61.0,Brandon Goodwin,11.8,36.0
36,200765,Rajon Rondo,6-1,180,"FEB 22, 1986",36.0,Kentucky,1610612739,Cavaliers,Cleveland,2006,1.0,21.0,Rajon Rondo,10.9,39.0
37,1629012,Collin Sexton,6-1,190,"JAN 04, 1999",23.0,Alabama,1610612739,Jazz,Utah,2018,1.0,8.0,Collin Sexton,11.2,11.0
38,1627747,Caris LeVert,6-6,205,"AUG 25, 1994",27.0,Michigan,1610612739,Cavaliers,Cleveland,2016,1.0,20.0,Caris LeVert,15.1,58.0
39,1630596,Evan Mobley,6-11,215,"JUN 18, 2001",21.0,Southern California,1610612739,Cavaliers,Cleveland,2021,1.0,3.0,Evan Mobley,16.1,69.0
40,1630612,RJ Nembhard Jr.,6-4,200,"MAR 22, 1999",23.0,Texas Christian,1610612739,Cavaliers,Cleveland,Undrafted,3.0,61.0,RJ Nembhard Jr.,8.0,14.0
41,1629650,Moses Brown,7-2,245,"OCT 13, 1999",22.0,UCLA,1610612739,Clippers,LA,Undrafted,3.0,61.0,Moses Brown,18.5,40.0
42,1630205,Lamar Stevens,6-6,230,"JUL 09, 1997",24.0,Penn State,1610612739,Cavaliers,Cleveland,Undrafted,3.0,61.0,Lamar Stevens,11.3,63.0
43,1629685,Dylan Windler,6-6,196,"SEP 22, 1996",25.0,Belmont,1610612739,Cavaliers,Cleveland,2019,1.0,26.0,Dylan Windler,8.8,50.0
44,1629636,Darius Garland,6-1,192,"JAN 26, 2000",22.0,Vanderbilt,1610612739,Cavaliers,Cleveland,2019,1.0,5.0,Darius Garland,19.0,68.0
45,1626224,Cedi Osman,6-7,230,"APR 08, 1995",27.0,Anadolu Efes,1610612739,Cavaliers,Cleveland,2015,2.0,31.0,Cedi Osman,13.3,66.0
46,202334,Ed Davis,6-9,218,"JUN 05, 1989",33.0,North Carolina,1610612739,Cavaliers,Cleveland,2010,1.0,13.0,Ed Davis,9.3,31.0
47,1628374,Lauri Markkanen,6-11,240,"MAY 22, 1997",25.0,Arizona,1610612739,Jazz,Utah,2017,1.0,7.0,Lauri Markkanen,14.7,61.0
48,1628386,Jarrett Allen,6-10,243,"APR 21, 1998",24.0,Texas,1610612739,Cavaliers,Cleveland,2017,1.0,22.0,Jarrett Allen,23.0,56.0
49,1629731,Dean Wade,6-9,228,"NOV 20, 1996",25.0,Kansas State,1610612739,Cavaliers,Cleveland,Undrafted,3.0,61.0,Dean Wade,10.1,51.0
50,1630171,Isaac Okoro,6-5,225,"JAN 26, 2001",21.0,Auburn,1610612739,Cavaliers,Cleveland,2020,1.0,5.0,Isaac Okoro,10.4,67.0
52,1629607,Jared Harper,5-10,175,"SEP 14, 1997",24.0,Auburn,1610612740,Pelicans,New Orleans,Undrafted,3.0,61.0,Jared Harper,36.9,5.0
53,203468,CJ McCollum,6-3,190,"SEP 19, 1991",30.0,Lehigh,1610612740,Pelicans,New Orleans,2013,1.0,10.0,CJ McCollum,18.3,62.0
54,1628984,Devonte' Graham,6-1,195,"FEB 22, 1995",27.0,Kansas,1610612740,Pelicans,New Orleans,2018,2.0,34.0,Devonte' Graham,12.1,76.0
55,1630529,Herbert Jones,6-7,206,"OCT 06, 1998",23.0,Alabama,1610612740,Pelicans,New Orleans,2021,2.0,35.0,Herbert Jones,12.3,78.0
56,1630230,Naji Marshall,6-7,220,"JAN 24, 1998",24.0,Xavier,1610612740,Pelicans,New Orleans,Undrafted,3.0,61.0,Naji Marshall,12.3,55.0
57,1626195,Willy Hernangomez,6-11,250,"MAY 27, 1994",28.0,Cajasol Sevilla,1610612740,Pelicans,New Orleans,2015,2.0,35.0,Willy Hernangomez,22.2,50.0
58,1629637,Jaxson Hayes,6-11,220,"MAY 23, 2000",22.0,Texas,1610612740,Pelicans,New Orleans,2019,1.0,8.0,Jaxson Hayes,18.5,70.0
59,1629109,Gary Clark,6-6,225,"NOV 16, 1994",27.0,Cincinnati,1610612740,Pelicans,New Orleans,Undrafted,3.0,61.0,Gary Clark,11.4,38.0
60,1630184,Kira Lewis Jr.,6-1,170,"APR 06, 2001",21.0,Alabama,1610612740,Pelicans,New Orleans,2020,1.0,13.0,Kira Lewis Jr.,9.8,24.0
61,1627742,Brandon Ingram,6-8,190,"SEP 02, 1997",24.0,Duke,1610612740,Pelicans,New Orleans,2016,1.0,2.0,Brandon Ingram,18.7,55.0
62,1630631,Jose Alvarado,6-0,179,"APR 12, 1998",24.0,Georgia Tech,1610612740,Pelicans,New Orleans,Undrafted,3.0,61.0,Jose Alvarado,16.4,54.0
63,202685,Jonas Valanciunas,6-11,265,"MAY 06, 1992",30.0,Lietuvos rytas Vilnius,1610612740,Pelicans,New Orleans,2011,1.0,5.0,Jonas Valanciunas,21.2,74.0
64,203503,Tony Snell,6-6,213,"NOV 10, 1991",30.0,New Mexico,1610612740,Pelicans,New Orleans,2013,1.0,20.0,Tony Snell,6.3,53.0
65,1626204,Larry Nance Jr.,6-7,245,"JAN 01, 1993",29.0,Wyoming,1610612740,Pelicans,New Orleans,2015,1.0,27.0,Larry Nance Jr.,14.4,46.0
66,1630530,Trey Murphy III,6-8,206,"JUN 18, 2000",22.0,Virginia,1610612740,Pelicans,New Orleans,2021,1.0,17.0,Trey Murphy III,12.5,62.0
67,202066,Garrett Temple,6-5,195,"MAY 08, 1986",36.0,Louisiana State,1610612740,Pelicans,New Orleans,Undrafted,3.0,61.0,Garrett Temple,8.6,59.0
68,1629632,Coby White,6-4,195,"FEB 16, 2000",22.0,North Carolina,1610612741,Bulls,Chicago,2019,1.0,7.0,Coby White,12.6,61.0
69,1628366,Lonzo Ball,6-6,190,"OCT 27, 1997",24.0,UCLA,1610612741,Bulls,Chicago,2017,1.0,2.0,Lonzo Ball,14.5,35.0
70,202684,Tristan Thompson,6-9,254,"MAR 13, 1991",31.0,University of Texas at Austin,1610612741,Bulls,Chicago,2011,1.0,4.0,Tristan Thompson,14.9,57.0
71,1627884,Derrick Jones Jr.,6-6,210,"FEB 15, 1997",25.0,UNLV,1610612741,Bulls,Chicago,Undrafted,3.0,61.0,Derrick Jones Jr.,13.0,51.0
72,1627936,Alex Caruso,6-5,186,"FEB 28, 1994",28.0,Texas A&M,1610612741,Bulls,Chicago,Undrafted,3.0,61.0,Alex Caruso,11.7,41.0
73,1628972,Troy Brown Jr.,6-6,215,"JUL 28, 1999",22.0,Oregon,1610612741,Lakers,Los Angeles,2018,1.0,15.0,Troy Brown Jr.,10.1,66.0
74,203897,Zach LaVine,6-5,200,"MAR 10, 1995",27.0,UCLA,1610612741,Bulls,Chicago,2014,1.0,13.0,Zach LaVine,20.0,67.0
75,202696,Nikola Vucevic,6-10,260,"OCT 24, 1990",31.0,Southern California,1610612741,Bulls,Chicago,2011,1.0,16.0,Nikola Vucevic,18.2,73.0
76,201942,DeMar DeRozan,6-6,220,"AUG 07, 1989",32.0,Southern California,1610612741,Bulls,Chicago,2009,1.0,9.0,DeMar DeRozan,23.1,76.0
77,1630245,Ayo Dosunmu,6-4,200,"JAN 17, 2000",22.0,Illinois,1610612741,Bulls,Chicago,2021,2.0,38.0,Ayo Dosunmu,11.2,77.0
78,1628396,Tony Bradley,6-10,248,"JAN 08, 1998",24.0,North Carolina,1610612741,Bulls,Chicago,2017,1.0,28.0,Tony Bradley,14.9,55.0
79,1630792,Malcolm Hill,6-6,220,"OCT 26, 1995",26.0,Illinois,1610612741,Bulls,Chicago,Undrafted,3.0,61.0,Malcolm Hill,12.7,19.0
80,1630250,Marko Simonovic,6-11,220,"OCT 15, 1999",22.0,Mega Basket,1610612741,Bulls,Chicago,2020,2.0,44.0,Marko Simonovic,10.2,9.0
81,1629744,Matt Thomas,6-3,190,"AUG 04, 1994",27.0,Iowa State,1610612741,Bulls,Chicago,Undrafted,3.0,61.0,Matt Thomas,9.9,40.0
82,1629750,Javonte Green,6-5,205,"JUL 23, 1993",28.0,Radford,1610612741,Bulls,Chicago,Undrafted,3.0,61.0,Javonte Green,14.0,65.0
83,1629076,Tyler Cook,6-8,255,"SEP 23, 1997",24.0,Iowa,1610612741,Bulls,Chicago,Undrafted,3.0,61.0,Tyler Cook,13.0,20.0
84,1630172,Patrick Williams,6-7,215,"AUG 26, 2001",20.0,Florida State,1610612741,Bulls,Chicago,2020,1.0,4.0,Patrick Williams,12.7,17.0
85,1628425,Sterling Brown,6-5,219,"FEB 10, 1995",27.0,Southern Methodist,1610612742,Mavericks,Dallas,2017,2.0,46.0,Sterling Brown,8.4,49.0
86,1629033,Theo Pinson,6-5,212,"NOV 05, 1995",26.0,North Carolina,1610612742,Mavericks,Dallas,Undrafted,3.0,61.0,Theo Pinson,11.9,19.0
87,203504,Trey Burke,6-0,185,"NOV 12, 1992",29.0,Michigan,1610612742,Mavericks,Dallas,2013,1.0,9.0,Trey Burke,10.0,42.0
88,1630589,Moses Wright,6-8,226,"DEC 23, 1998",23.0,Georgia Tech,1610612742,Mavericks,Dallas,Undrafted,3.0,61.0,Moses Wright,18.3,4.0
89,203939,Dwight Powell,6-10,240,"JUL 20, 1991",30.0,Stanford,1610612742,Mavericks,Dallas,2014,2.0,45.0,Dwight Powell,18.1,82.0
90,1630182,Josh Green,6-5,200,"NOV 16, 2000",21.0,Arizona,1610612742,Mavericks,Dallas,2020,1.0,18.0,Josh Green,11.9,67.0
91,1627827,Dorian Finney-Smith,6-7,220,"MAY 04, 1993",29.0,Florida,1610612742,Mavericks,Dallas,Undrafted,3.0,61.0,Dorian Finney-Smith,12.5,80.0
92,203501,Tim Hardaway Jr.,6-5,205,"MAR 16, 1992",30.0,Michigan,1610612742,Mavericks,Dallas,2013,1.0,24.0,Tim Hardaway Jr.,12.7,42.0
93,1628973,Jalen Brunson,6-1,190,"AUG 31, 1996",25.0,Villanova,1610612742,Knicks,New York,2018,2.0,33.0,Jalen Brunson,17.1,79.0
94,1628373,Frank Ntilikina,6-4,200,"JUL 28, 1998",23.0,Strasbourg IG,1610612742,Mavericks,Dallas,2017,1.0,8.0,Frank Ntilikina,10.4,58.0
95,203493,Reggie Bullock,6-6,205,"MAR 16, 1991",31.0,North Carolina,1610612742,Mavericks,Dallas,2013,1.0,25.0,Reggie Bullock,9.2,68.0
96,203915,Spencer Dinwiddie,6-6,215,"APR 06, 1993",29.0,Colorado,1610612742,Mavericks,Dallas,2014,2.0,38.0,Spencer Dinwiddie,15.1,67.0
97,1627737,Marquese Chriss,6-9,240,"JUL 02, 1997",24.0,Washington,1610612742,Mavericks,Dallas,2016,1.0,8.0,Marquese Chriss,14.8,34.0
98,1628467,Maxi Kleber,6-10,240,"JAN 29, 1992",30.0,Bayern Munich,1610612742,Mavericks,Dallas,Undrafted,3.0,61.0,Maxi Kleber,11.0,59.0
99,202722,Davis Bertans,6-10,225,"NOV 12, 1992",29.0,Baskonia,1610612742,Mavericks,Dallas,2011,2.0,42.0,Davis Bertans,9.4,56.0
100,1626246,Boban Marjanovic,7-3,290,"AUG 15, 1988",33.0,Crvena zvezda,1610612742,Rockets,Houston,Undrafted,3.0,61.0,Boban Marjanovic,18.5,23.0
101,1629029,Luka Doncic,6-7,230,"FEB 28, 1999",23.0,Real Madrid,1610612742,Mavericks,Dallas,2018,1.0,3.0,Luka Doncic,25.1,65.0
102,1630210,Markus Howard,5-10,175,"MAR 03, 1999",23.0,Marquette,1610612743,Nuggets,Denver,Undrafted,3.0,61.0,Markus Howard,16.1,31.0
103,203210,JaMychal Green,6-8,227,"JUN 21, 1990",32.0,Alabama,1610612743,Warriors,Golden State,Undrafted,3.0,61.0,JaMychal Green,14.1,67.0
104,1629008,Michael Porter Jr.,6-10,218,"JUN 29, 1998",24.0,Missouri,1610612743,Nuggets,Denver,2018,1.0,14.0,Michael Porter Jr.,7.5,9.0
105,1630538,Bones Hyland,6-2,169,"SEP 14, 2000",21.0,Virginia Commonwealth,1610612743,Nuggets,Denver,2021,1.0,26.0,Bones Hyland,14.4,69.0
106,202326,DeMarcus Cousins,6-10,270,"AUG 13, 1990",31.0,Kentucky,1610612743,Nuggets,Denver,2010,1.0,5.0,DeMarcus Cousins,18.2,48.0
107,203115,Will Barton,6-5,181,"JAN 06, 1991",31.0,Memphis,1610612743,Wizards,Washington,2012,2.0,40.0,Will Barton,13.4,71.0
108,1627854,Bryn Forbes,6-2,205,"JUL 23, 1993",28.0,Michigan State,1610612743,Timberwolves,Minnesota,Undrafted,3.0,61.0,Bryn Forbes,11.5,75.0
109,1630267,Facundo Campazzo,5-10,195,"MAR 23, 1991",31.0,Murcia,1610612743,Mavericks,Dallas,Undrafted,3.0,61.0,Facundo Campazzo,11.1,65.0
110,1628432,Davon Reed,6-5,206,"JUN 11, 1995",27.0,Miami,1610612743,Nuggets,Denver,2017,2.0,32.0,Davon Reed,12.2,48.0
111,1628420,Monte Morris,6-2,183,"JUN 27, 1995",27.0,Iowa State,1610612743,Wizards,Washington,2017,2.0,51.0,Monte Morris,14.7,75.0
112,203999,Nikola Jokic,6-11,284,"FEB 19, 1995",27.0,Mega Basket,1610612743,Nuggets,Denver,2014,2.0,41.0,Nikola Jokic,32.8,74.0
113,1630192,Zeke Nnaji,6-9,240,"JAN 09, 2001",21.0,Arizona,1610612743,Nuggets,Denver,2020,1.0,22.0,Zeke Nnaji,13.5,41.0
114,203085,Austin Rivers,6-4,200,"AUG 01, 1992",29.0,Duke,1610612743,Timberwolves,Minnesota,2012,1.0,10.0,Austin Rivers,7.2,67.0
116,1628427,Vlatko Cancar,6-8,236,"APR 10, 1997",25.0,San Pablo Burgos,1610612743,Nuggets,Denver,2017,2.0,49.0,Vlatko Cancar,12.7,15.0
117,201145,Jeff Green,6-8,235,"AUG 28, 1986",35.0,Georgetown,1610612743,Nuggets,Denver,2007,1.0,5.0,Jeff Green,12.5,75.0
118,203932,Aaron Gordon,6-8,235,"SEP 16, 1995",26.0,Arizona,1610612743,Nuggets,Denver,2014,1.0,4.0,Aaron Gordon,15.3,75.0
119,1627780,Gary Payton II,6-3,195,"DEC 01, 1992",29.0,Oregon State,1610612744,Trail Blazers,Portland,Undrafted,3.0,61.0,Gary Payton II,17.8,71.0
120,1630228,Jonathan Kuminga,6-7,225,"OCT 06, 2002",19.0,NBA G League Ignite,1610612744,Warriors,Golden State,2021,1.0,7.0,Jonathan Kuminga,15.2,70.0
121,1627814,Damion Lee,6-5,210,"OCT 21, 1992",29.0,Drexel,1610612744,Suns,Phoenix,Undrafted,3.0,61.0,Damion Lee,10.9,63.0
122,1629185,Chris Chiozza,5-11,175,"NOV 21, 1995",26.0,Florida,1610612744,Warriors,Golden State,Undrafted,3.0,61.0,Chris Chiozza,4.4,34.0
123,1629673,Jordan Poole,6-4,194,"JUN 19, 1999",23.0,Michigan,1610612744,Warriors,Golden State,2019,1.0,28.0,Jordan Poole,16.1,76.0
124,1630541,Moses Moody,6-5,211,"MAY 31, 2002",20.0,Arkansas,1610612744,Warriors,Golden State,2021,1.0,14.0,Moses Moody,10.5,52.0
125,1626172,Kevon Looney,6-9,222,"FEB 06, 1996",26.0,UCLA,1610612744,Warriors,Golden State,2015,1.0,30.0,Kevon Looney,15.7,82.0
126,202357,Nemanja Bjelica,6-9,234,"MAY 09, 1988",34.0,Fenerbahce,1610612744,Warriors,Golden State,2010,2.0,35.0,Nemanja Bjelica,14.2,71.0
127,2738,Andre Iguodala,6-6,215,"JAN 28, 1984",38.0,Arizona,1610612744,Warriors,Golden State,2004,1.0,9.0,Andre Iguodala,12.3,31.0
128,202691,Klay Thompson,6-6,220,"FEB 08, 1990",32.0,Washington State,1610612744,Warriors,Golden State,2011,1.0,11.0,Klay Thompson,16.7,32.0
129,1629683,Quinndary Weatherspoon,6-3,205,"SEP 10, 1996",25.0,Mississippi State,1610612744,Warriors,Golden State,2019,2.0,49.0,Quinndary Weatherspoon,12.0,11.0
130,203952,Andrew Wiggins,6-7,197,"FEB 23, 1995",27.0,Kansas,1610612744,Warriors,Golden State,2014,1.0,1.0,Andrew Wiggins,15.0,73.0
131,203110,Draymond Green,6-6,230,"MAR 04, 1990",32.0,Michigan State,1610612744,Warriors,Golden State,2012,2.0,35.0,Draymond Green,14.3,46.0
132,201939,Stephen Curry,6-2,185,"MAR 14, 1988",34.0,Davidson,1610612744,Warriors,Golden State,2009,1.0,7.0,Stephen Curry,21.4,64.0
133,203490,Otto Porter Jr.,6-8,198,"JUN 03, 1993",29.0,Georgetown,1610612744,Raptors,Toronto,2013,1.0,3.0,Otto Porter Jr.,15.9,63.0
135,1629308,Juan Toscano-Anderson,6-6,209,"APR 10, 1993",29.0,Marquette,1610612744,Lakers,Los Angeles,Undrafted,3.0,61.0,Juan Toscano-Anderson,11.0,73.0
136,1630224,Jalen Green,6-4,186,"FEB 09, 2002",20.0,NBA G League Ignite,1610612745,Rockets,Houston,2021,1.0,2.0,Jalen Green,12.5,67.0
138,1628021,David Nwaba,6-5,219,"JAN 14, 1993",29.0,Cal Poly-Obispo,1610612745,Rockets,Houston,Undrafted,3.0,61.0,David Nwaba,15.3,46.0
139,1629645,Kevin Porter Jr.,6-4,203,"MAY 04, 2000",22.0,Southern California,1610612745,Rockets,Houston,2019,1.0,30.0,Kevin Porter Jr.,13.5,61.0
140,1630231,Kenyon Martin Jr.,6-5,215,"JAN 06, 2001",21.0,IMG Academy (FL),1610612745,Rockets,Houston,2020,2.0,52.0,Kenyon Martin Jr.,14.3,79.0
141,1630256,Jae'Sean Tate,6-4,230,"OCT 28, 1995",26.0,Ohio State,1610612745,Rockets,Houston,Undrafted,3.0,61.0,Jae'Sean Tate,14.3,78.0
142,1630528,Josh Christopher,6-3,215,"DEC 08, 2001",20.0,Arizona State,1610612745,Rockets,Houston,2021,1.0,24.0,Josh Christopher,12.2,74.0
143,201569,Eric Gordon,6-3,215,"DEC 25, 1988",33.0,Indiana,1610612745,Rockets,Houston,2008,1.0,7.0,Eric Gordon,12.1,57.0
144,1630227,Daishen Nix,6-4,226,"FEB 13, 2002",20.0,NBA G League Ignite,1610612745,Rockets,Houston,Undrafted,3.0,61.0,Daishen Nix,8.1,24.0
145,1630586,Usman Garuba,6-8,229,"MAR 09, 2002",20.0,Real Madrid,1610612745,Rockets,Houston,2021,1.0,23.0,Usman Garuba,12.9,24.0
146,203471,Dennis Schroder,6-1,172,"SEP 15, 1993",28.0,Braunschweig,1610612745,Lakers,Los Angeles,2013,1.0,17.0,Dennis Schroder,13.0,64.0
147,1628981,Bruno Fernando,6-9,240,"AUG 15, 1998",23.0,Maryland,1610612745,Rockets,Houston,2019,2.0,34.0,Bruno Fernando,21.2,30.0
148,1630243,Trevelin Queen,6-6,190,"FEB 25, 1997",25.0,New Mexico State,1610612745,Pacers,Indiana,Undrafted,3.0,61.0,Trevelin Queen,18.2,10.0
149,1629726,Garrison Mathews,6-5,215,"OCT 24, 1996",25.0,Lipscomb,1610612745,Rockets,Houston,Undrafted,3.0,61.0,Garrison Mathews,11.0,65.0
150,1630578,Alperen Sengun,6-10,243,"JUL 25, 2002",19.0,Besiktas,1610612745,Rockets,Houston,2021,1.0,16.0,Alperen Sengun,16.0,72.0
151,1630237,Anthony Lamb,6-6,227,"JAN 20, 1998",24.0,Vermont,1610612745,Warriors,Golden State,Undrafted,3.0,61.0,Anthony Lamb,-0.5,2.0
152,1626174,Christian Wood,6-9,214,"SEP 27, 1995",26.0,UNLV,1610612745,Mavericks,Dallas,Undrafted,3.0,61.0,Christian Wood,19.1,68.0
153,1630206,Jay Scrubb,6-5,220,"SEP 01, 2000",21.0,John A. Logan,1610612746,Clippers,LA,2020,2.0,55.0,Jay Scrubb,9.3,18.0
154,202704,Reggie Jackson,6-2,208,"APR 16, 1990",32.0,Boston College,1610612746,Clippers,LA,2011,1.0,24.0,Reggie Jackson,12.1,75.0
157,1628379,Luke Kennard,6-5,206,"JUN 24, 1996",26.0,Duke,1610612746,Clippers,LA,2017,1.0,12.0,Luke Kennard,13.3,70.0
158,1629599,Amir Coffey,6-7,210,"JUN 17, 1997",25.0,Minnesota,1610612746,Clippers,LA,Undrafted,3.0,61.0,Amir Coffey,13.0,69.0
159,202694,Marcus Morris Sr.,6-8,218,"SEP 02, 1989",32.0,Kansas,1610612746,Clippers,LA,2011,1.0,14.0,Marcus Morris Sr.,13.7,54.0
160,202331,Paul George,6-8,220,"MAY 02, 1990",32.0,Fresno State,1610612746,Clippers,LA,2010,1.0,10.0,Paul George,18.6,31.0
161,1629611,Terance Mann,6-5,215,"OCT 18, 1996",25.0,Florida State,1610612746,Clippers,LA,2019,2.0,48.0,Terance Mann,13.4,81.0
162,1629875,Xavier Moon,6-2,165,"JAN 02, 1995",27.0,Morehead State,1610612746,Clippers,LA,Undrafted,3.0,61.0,Xavier Moon,16.2,10.0
164,203918,Rodney Hood,6-8,208,"OCT 20, 1992",29.0,Duke,1610612746,Clippers,LA,2014,1.0,23.0,Rodney Hood,7.2,52.0
165,203496,Robert Covington,6-7,209,"DEC 14, 1990",31.0,Tennessee State,1610612746,Clippers,LA,Undrafted,3.0,61.0,Robert Covington,12.4,71.0
166,1626181,Norman Powell,6-3,215,"MAY 25, 1993",29.0,UCLA,1610612746,Clippers,LA,2015,2.0,46.0,Norman Powell,16.3,45.0
167,201587,Nicolas Batum,6-8,230,"DEC 14, 1988",33.0,Le Mans,1610612746,Clippers,LA,2008,1.0,25.0,Nicolas Batum,13.5,59.0
168,1627826,Ivica Zubac,7-0,240,"MAR 18, 1997",25.0,Mega Basket,1610612746,Clippers,LA,2016,2.0,32.0,Ivica Zubac,19.2,76.0
169,1628392,Isaiah Hartenstein,7-0,250,"MAY 05, 1998",24.0,Zalgiris,1610612746,Knicks,New York,2017,2.0,43.0,Isaiah Hartenstein,22.0,68.0
170,201566,Russell Westbrook,6-3,200,"NOV 12, 1988",33.0,UCLA,1610612747,Lakers,Los Angeles,2008,1.0,4.0,Russell Westbrook,15.0,78.0
171,201961,Wayne Ellington,6-4,207,"NOV 29, 1987",34.0,North Carolina,1610612747,Lakers,Los Angeles,2009,1.0,28.0,Wayne Ellington,9.9,43.0
172,203076,Anthony Davis,6-10,253,"MAR 11, 1993",29.0,Kentucky,1610612747,Lakers,Los Angeles,2012,1.0,1.0,Anthony Davis,23.9,40.0
173,201571,D.J. Augustin,5-11,183,"NOV 10, 1987",34.0,Texas-Austin,1610612747,Lakers,Los Angeles,2008,1.0,9.0,D.J. Augustin,9.7,55.0
174,1629659,Talen Horton-Tucker,6-4,234,"NOV 25, 2000",21.0,Iowa State,1610612747,Jazz,Utah,2019,2.0,46.0,Talen Horton-Tucker,11.0,60.0
175,2544,LeBron James,6-9,250,"DEC 30, 1984",37.0,St. Vincent-St. Mary HS (OH),1610612747,Lakers,Los Angeles,2003,1.0,1.0,LeBron James,26.2,56.0
176,2546,Carmelo Anthony,6-7,238,"MAY 29, 1984",38.0,Syracuse,1610612747,Lakers,Los Angeles,2003,1.0,3.0,Carmelo Anthony,14.8,69.0
177,203145,Kent Bazemore,6-4,195,"JUL 01, 1989",32.0,Old Dominion,1610612747,Lakers,Los Angeles,Undrafted,3.0,61.0,Kent Bazemore,6.0,39.0
178,1628370,Malik Monk,6-3,200,"FEB 04, 1998",24.0,Kentucky,1610612747,Kings,Sacramento,2017,1.0,11.0,Malik Monk,14.4,76.0
180,1626169,Stanley Johnson,6-6,242,"MAY 29, 1996",26.0,Arizona,1610612747,Lakers,Los Angeles,2015,1.0,8.0,Stanley Johnson,10.5,48.0
181,1630559,Austin Reaves,6-5,197,"MAY 29, 1998",24.0,Oklahoma,1610612747,Lakers,Los Angeles,Undrafted,3.0,61.0,Austin Reaves,11.5,61.0
182,202340,Avery Bradley,6-3,180,"NOV 26, 1990",31.0,Texas-Austin,1610612747,Lakers,Los Angeles,2010,1.0,19.0,Avery Bradley,7.8,62.0
183,1629117,Wenyen Gabriel,6-9,205,"MAR 26, 1997",25.0,Kentucky,1610612747,Lakers,Los Angeles,Undrafted,3.0,61.0,Wenyen Gabriel,12.5,26.0
184,1630644,Mac McClung,6-2,185,"JAN 06, 1999",23.0,Texas Tech,1610612747,Lakers,Los Angeles,Undrafted,3.0,61.0,Mac McClung,5.2,2.0
185,2730,Dwight Howard,6-10,265,"DEC 08, 1985",36.0,SW Atlanta Christian Academy (GA),1610612747,Lakers,Los Angeles,2004,1.0,1.0,Dwight Howard,18.2,60.0
186,1630222,Mason Jones,6-4,200,"JUL 21, 1998",23.0,Arkansas,1610612747,Lakers,Los Angeles,Undrafted,3.0,61.0,Mason Jones,17.8,4.0
187,1629216,Gabe Vincent,6-3,200,"JUN 14, 1996",26.0,California-Santa Barbara,1610612748,Heat,Miami,Undrafted,3.0,61.0,Gabe Vincent,10.6,68.0
188,203506,Victor Oladipo,6-4,213,"MAY 04, 1992",30.0,Indiana,1610612748,Heat,Miami,2013,1.0,2.0,Victor Oladipo,16.8,8.0
189,200768,Kyle Lowry,6-0,196,"MAR 25, 1986",36.0,Villanova,1610612748,Heat,Miami,2006,1.0,24.0,Kyle Lowry,15.0,63.0
190,202693,Markieff Morris,6-9,245,"SEP 02, 1989",32.0,Kansas,1610612748,Nets,Brooklyn,2011,1.0,13.0,Markieff Morris,10.9,17.0
191,1628539,Mychal Mulder,6-3,195,"JUN 12, 1994",28.0,Kentucky,1610612748,Heat,Miami,Undrafted,3.0,61.0,Mychal Mulder,3.7,17.0
192,1628389,Bam Adebayo,6-9,255,"JUL 18, 1997",24.0,Kentucky,1610612748,Heat,Miami,2017,1.0,14.0,Bam Adebayo,21.8,56.0
193,1629639,Tyler Herro,6-5,195,"JAN 20, 2000",22.0,Kentucky,1610612748,Heat,Miami,2019,1.0,13.0,Tyler Herro,16.2,66.0
194,1630606,Javonte Smart,6-4,205,"JUN 03, 1999",23.0,Louisiana State,1610612748,Heat,Miami,Undrafted,3.0,61.0,Javonte Smart,5.1,17.0
195,1628997,Caleb Martin,6-5,205,"SEP 28, 1995",26.0,Nevada,1610612748,Heat,Miami,Undrafted,3.0,61.0,Caleb Martin,14.8,60.0
196,200782,P.J. Tucker,6-5,245,"MAY 05, 1985",37.0,Texas,1610612748,76ers,Philadelphia,2006,2.0,35.0,P.J. Tucker,11.3,71.0
197,203473,Dewayne Dedmon,7-0,245,"AUG 12, 1989",32.0,Southern California,1610612748,Heat,Miami,Undrafted,3.0,61.0,Dewayne Dedmon,15.9,67.0
198,202710,Jimmy Butler,6-7,230,"SEP 14, 1989",32.0,Marquette,1610612748,Heat,Miami,2011,1.0,30.0,Jimmy Butler,23.6,57.0
199,1629312,Haywood Highsmith,6-4,220,"DEC 09, 1996",25.0,Wheeling Jesuit,1610612748,Heat,Miami,2018,3.0,61.0,Haywood Highsmith,7.0,19.0
200,1629622,Max Strus,6-5,215,"MAR 28, 1996",26.0,DePaul,1610612748,Heat,Miami,Undrafted,3.0,61.0,Max Strus,12.7,68.0
201,2617,Udonis Haslem,6-8,235,"JUN 09, 1980",42.0,Florida,1610612748,Heat,Miami,Undrafted,3.0,61.0,Udonis Haslem,8.6,13.0
202,1629130,Duncan Robinson,6-7,215,"APR 22, 1994",28.0,Michigan,1610612748,Heat,Miami,Undrafted,3.0,61.0,Duncan Robinson,10.6,79.0
203,1630209,Omer Yurtseven,6-11,275,"JUN 19, 1998",24.0,Georgetown,1610612748,Heat,Miami,Undrafted,3.0,61.0,Omer Yurtseven,17.4,56.0
204,201588,George Hill,6-4,188,"MAY 04, 1986",36.0,Indiana-Purdue Indianapolis,1610612749,Bucks,Milwaukee,2008,1.0,26.0,George Hill,10.2,54.0
205,1628975,Jevon Carter,6-1,200,"SEP 14, 1995",26.0,West Virginia,1610612749,Bucks,Milwaukee,2018,2.0,32.0,Jevon Carter,9.6,66.0
207,1628960,Grayson Allen,6-4,198,"OCT 08, 1995",26.0,Duke,1610612749,Bucks,Milwaukee,2018,1.0,21.0,Grayson Allen,12.7,66.0
208,1626171,Bobby Portis,6-10,250,"FEB 10, 1995",27.0,Arkansas,1610612749,Bucks,Milwaukee,2015,1.0,22.0,Bobby Portis,17.7,72.0
209,201572,Brook Lopez,7-0,282,"APR 01, 1988",34.0,Stanford,1610612749,Bucks,Milwaukee,2008,1.0,10.0,Brook Lopez,16.0,13.0
210,1629670,Jordan Nwora,6-8,225,"SEP 09, 1998",23.0,Louisville,1610612749,Bucks,Milwaukee,2020,2.0,45.0,Jordan Nwora,9.9,62.0
211,201950,Jrue Holiday,6-3,205,"JUN 12, 1990",32.0,UCLA,1610612749,Bucks,Milwaukee,2009,1.0,17.0,Jrue Holiday,19.8,67.0
212,203114,Khris Middleton,6-7,222,"AUG 12, 1991",30.0,Texas A&M,1610612749,Bucks,Milwaukee,2012,2.0,39.0,Khris Middleton,18.1,66.0
213,202083,Wesley Matthews,6-4,220,"OCT 14, 1986",35.0,Marquette,1610612749,Bucks,Milwaukee,Undrafted,3.0,61.0,Wesley Matthews,6.9,49.0
214,1626192,Pat Connaughton,6-5,209,"JAN 06, 1993",29.0,Notre Dame,1610612749,Bucks,Milwaukee,2015,2.0,41.0,Pat Connaughton,13.4,65.0
215,201586,Serge Ibaka,6-10,235,"SEP 18, 1989",32.0,Ricoh Manresa,1610612749,Bucks,Milwaukee,2008,1.0,24.0,Serge Ibaka,14.4,54.0
216,1629623,Lindell Wigginton,6-1,189,"MAR 28, 1998",24.0,Iowa State,1610612749,Bucks,Milwaukee,2019,3.0,61.0,Lindell Wigginton,10.2,19.0
217,203507,Giannis Antetokounmpo,6-11,242,"DEC 06, 1994",27.0,Filathlitikos,1610612749,Bucks,Milwaukee,2013,1.0,15.0,Giannis Antetokounmpo,32.1,67.0
218,203648,Thanasis Antetokounmpo,6-6,219,"JUL 18, 1992",29.0,Panathinaikos,1610612749,Bucks,Milwaukee,2014,2.0,51.0,Thanasis Antetokounmpo,12.5,48.0
219,1630572,Sandro Mamukelashvili,6-9,240,"MAY 23, 1999",23.0,Seton Hall,1610612749,Bucks,Milwaukee,2021,2.0,54.0,Sandro Mamukelashvili,14.7,41.0
220,1629730,Rayjon Tucker,6-3,209,"SEP 24, 1997",24.0,Arkansas-Little Rock,1610612749,Bucks,Milwaukee,Undrafted,3.0,61.0,Rayjon Tucker,17.7,5.0
221,1626156,D'Angelo Russell,6-4,193,"FEB 23, 1996",26.0,Ohio State,1610612750,Timberwolves,Minnesota,2015,1.0,2.0,D'Angelo Russell,16.3,65.0
222,1630162,Anthony Edwards,6-4,225,"AUG 05, 2001",20.0,Georgia,1610612750,Timberwolves,Minnesota,2020,1.0,1.0,Anthony Edwards,16.5,72.0
223,1630183,Jaden McDaniels,6-9,185,"SEP 29, 2000",21.0,Washington,1610612750,Timberwolves,Minnesota,2020,1.0,28.0,Jaden McDaniels,10.3,70.0
224,1629669,Jaylen Nowell,6-4,201,"JUL 09, 1999",22.0,Washington,1610612750,Timberwolves,Minnesota,2019,2.0,43.0,Jaylen Nowell,16.8,62.0
225,1627736,Malik Beasley,6-4,187,"NOV 26, 1996",25.0,Florida State,1610612750,Jazz,Utah,2016,1.0,19.0,Malik Beasley,11.9,79.0
226,1629162,Jordan McLaughlin,5-11,185,"APR 09, 1996",26.0,Southern California,1610612750,Timberwolves,Minnesota,Undrafted,3.0,61.0,Jordan McLaughlin,13.4,62.0
227,1629020,Jarred Vanderbilt,6-9,214,"APR 03, 1999",23.0,Kentucky,1610612750,Jazz,Utah,2018,2.0,41.0,Jarred Vanderbilt,15.3,74.0
228,1630195,Leandro Bolmaro,6-6,200,"SEP 11, 2000",21.0,FC Barcelona,1610612750,Jazz,Utah,2020,1.0,23.0,Leandro Bolmaro,5.4,35.0
229,1627774,Jake Layman,6-8,209,"MAR 07, 1994",28.0,Maryland,1610612750,Timberwolves,Minnesota,2016,2.0,47.0,Jake Layman,9.0,34.0
230,1629675,Naz Reid,6-9,264,"AUG 26, 1999",22.0,Louisiana State,1610612750,Timberwolves,Minnesota,Undrafted,3.0,61.0,Naz Reid,17.2,77.0
231,1627752,Taurean Prince,6-6,218,"MAR 22, 1994",28.0,Baylor,1610612750,Timberwolves,Minnesota,2016,1.0,12.0,Taurean Prince,12.4,69.0
232,1630233,Nathan Knight,6-10,253,"SEP 20, 1997",24.0,William & Mary,1610612750,Timberwolves,Minnesota,Undrafted,3.0,61.0,Nathan Knight,18.7,37.0
233,202328,Greg Monroe,6-10,250,"JUN 04, 1990",32.0,Georgetown,1610612750,Timberwolves,Minnesota,2010,1.0,7.0,Greg Monroe,19.5,14.0
234,1629006,Josh Okogie,6-4,213,"SEP 01, 1998",23.0,Georgia Tech,1610612750,Suns,Phoenix,2018,1.0,20.0,Josh Okogie,9.0,49.0
235,201976,Patrick Beverley,6-1,180,"JUL 12, 1988",33.0,Arkansas,1610612750,Lakers,Los Angeles,2009,2.0,42.0,Patrick Beverley,14.8,58.0
236,1630593,McKinley Wright IV,5-11,192,"OCT 25, 1998",23.0,Colorado,1610612750,Mavericks,Dallas,Undrafted,3.0,61.0,McKinley Wright IV,9.5,5.0
237,1626157,Karl-Anthony Towns,6-11,248,"NOV 15, 1995",26.0,Kentucky,1610612750,Timberwolves,Minnesota,2015,1.0,1.0,Karl-Anthony Towns,24.1,74.0
238,203083,Andre Drummond,6-10,279,"AUG 10, 1993",28.0,Connecticut,1610612751,Bulls,Chicago,2012,1.0,9.0,Andre Drummond,21.0,73.0
239,1628971,Bruce Brown,6-4,202,"AUG 15, 1996",25.0,Miami,1610612751,Nuggets,Denver,2018,2.0,42.0,Bruce Brown,15.0,72.0
240,201933,Blake Griffin,6-9,250,"MAR 16, 1989",33.0,Oklahoma,1610612751,Celtics,Boston,2009,1.0,1.0,Blake Griffin,13.7,56.0
241,1630561,David Duke Jr.,6-4,204,"OCT 13, 1999",22.0,Providence,1610612751,Nets,Brooklyn,Undrafted,3.0,61.0,David Duke Jr.,10.0,22.0
242,201142,Kevin Durant,6-10,240,"SEP 29, 1988",33.0,Texas,1610612751,Nets,Brooklyn,2007,1.0,2.0,Kevin Durant,25.6,55.0
243,201988,Patty Mills,6-0,180,"AUG 11, 1988",33.0,St. Mary's,1610612751,Nets,Brooklyn,2009,2.0,55.0,Patty Mills,10.4,81.0
244,201609,Goran Dragic,6-3,190,"MAY 06, 1986",36.0,Union Olimpija,1610612751,Bulls,Chicago,2008,2.0,45.0,Goran Dragic,10.0,21.0
246,202681,Kyrie Irving,6-2,195,"MAR 23, 1992",30.0,Duke,1610612751,Nets,Brooklyn,2011,1.0,1.0,Kyrie Irving,21.4,29.0
247,203925,Joe Harris,6-6,220,"SEP 06, 1991",30.0,Virginia,1610612751,Nets,Brooklyn,2014,2.0,33.0,Joe Harris,9.6,14.0
248,1630556,Kessler Edwards,6-7,203,"AUG 09, 2000",21.0,Pepperdine,1610612751,Nets,Brooklyn,2021,2.0,44.0,Kessler Edwards,8.3,48.0
249,1630549,Day'Ron Sharpe,6-9,265,"NOV 06, 2001",20.0,North Carolina,1610612751,Nets,Brooklyn,2021,1.0,29.0,Day'Ron Sharpe,20.7,32.0
250,200746,LaMarcus Aldridge,6-11,250,"JUL 19, 1985",36.0,Texas-Austin,1610612751,Nets,Brooklyn,2006,1.0,2.0,LaMarcus Aldridge,19.6,47.0
251,1630560,Cam Thomas,6-3,210,"OCT 13, 2001",20.0,Louisiana State,1610612751,Nets,Brooklyn,2021,1.0,27.0,Cam Thomas,11.7,67.0
252,203552,Seth Curry,6-2,185,"AUG 23, 1990",31.0,Duke,1610612751,Nets,Brooklyn,Undrafted,3.0,61.0,Seth Curry,13.7,64.0
253,1629651,Nic Claxton,6-11,215,"APR 17, 1999",23.0,Georgia,1610612751,Nets,Brooklyn,2019,2.0,31.0,Nic Claxton,18.6,47.0
254,1629717,Armoni Brooks,6-3,195,"JUN 05, 1998",24.0,Houston,1610612761,Raptors,Toronto,2019,3.0,61.0,Armoni Brooks,8.4,54.0
255,1628384,O.G. Anunoby,6-7,232,"JUL 17, 1997",24.0,Indiana,1610612761,Raptors,Toronto,2017,1.0,23.0,O.G. Anunoby,14.8,48.0
256,1630567,Scottie Barnes,6-7,225,"AUG 01, 2001",20.0,Florida State,1610612761,Raptors,Toronto,2021,1.0,4.0,Scottie Barnes,16.3,74.0
257,1630173,Precious Achiuwa,6-8,225,"SEP 19, 1999",22.0,Memphis,1610612761,Raptors,Toronto,2020,1.0,20.0,Precious Achiuwa,12.7,73.0
258,1630551,Justin Champagnie,6-6,206,"JUN 29, 2001",21.0,Pittsburgh,1610612761,Raptors,Toronto,Undrafted,3.0,61.0,Justin Champagnie,13.6,36.0
259,1630525,David Johnson,6-4,203,"FEB 26, 2001",21.0,Louisville,1610612761,Raptors,Toronto,2021,2.0,47.0,David Johnson,-20.0,2.0
260,1629004,Svi Mykhailiuk,6-7,205,"JUN 10, 1997",25.0,Kansas,1610612761,Knicks,New York,2018,2.0,47.0,Svi Mykhailiuk,9.6,56.0
261,1629067,Isaac Bonga,6-8,180,"NOV 08, 1999",22.0,Skyliners Frankfurt,1610612761,Raptors,Toronto,2018,2.0,39.0,Isaac Bonga,8.7,15.0
262,1629139,Yuta Watanabe,6-9,215,"OCT 13, 1994",27.0,George Washington,1610612761,Nets,Brooklyn,Undrafted,3.0,61.0,Yuta Watanabe,11.5,38.0
263,201152,Thaddeus Young,6-8,235,"JUN 21, 1988",34.0,Georgia Tech,1610612761,Raptors,Toronto,2007,1.0,12.0,Thaddeus Young,17.0,52.0
264,1630201,Malachi Flynn,6-1,175,"MAY 09, 1998",24.0,San Diego State,1610612761,Raptors,Toronto,2020,1.0,29.0,Malachi Flynn,11.7,44.0
265,1627832,Fred VanVleet,6-1,197,"FEB 25, 1994",28.0,Wichita State,1610612761,Raptors,Toronto,Undrafted,3.0,61.0,Fred VanVleet,17.3,65.0
266,203920,Khem Birch,6-9,233,"SEP 28, 1992",29.0,UNLV,1610612761,Raptors,Toronto,Undrafted,3.0,61.0,Khem Birch,13.2,55.0
267,1628449,Chris Boucher,6-9,200,"JAN 11, 1993",29.0,Oregon,1610612761,Raptors,Toronto,Undrafted,3.0,61.0,Chris Boucher,17.9,80.0
268,1629018,Gary Trent Jr.,6-5,209,"JAN 18, 1999",23.0,Duke,1610612761,Raptors,Toronto,2018,2.0,37.0,Gary Trent Jr.,14.7,70.0
269,1627783,Pascal Siakam,6-8,230,"APR 02, 1994",28.0,New Mexico State,1610612761,Raptors,Toronto,2016,1.0,27.0,Pascal Siakam,20.3,68.0
270,1630625,Dalano Banton,6-7,204,"NOV 07, 1999",22.0,Nebraska,1610612761,Raptors,Toronto,2021,2.0,46.0,Dalano Banton,10.0,64.0
271,1629672,Eric Paschall,6-6,255,"NOV 04, 1996",25.0,Villanova,1610612762,Jazz,Utah,2019,2.0,41.0,Eric Paschall,13.9,58.0
272,203903,Jordan Clarkson,6-4,194,"JUN 07, 1992",30.0,Missouri,1610612762,Jazz,Utah,2014,2.0,46.0,Jordan Clarkson,14.9,79.0
273,1630235,Trent Forrest,6-4,210,"JUN 12, 1998",24.0,Florida State,1610612762,Hawks,Atlanta,Undrafted,3.0,61.0,Trent Forrest,10.9,60.0
274,1629638,Nickeil Alexander-Walker,6-5,205,"SEP 02, 1998",23.0,Virginia Tech,1610612762,Jazz,Utah,2019,1.0,17.0,Nickeil Alexander-Walker,10.5,65.0
275,200752,Rudy Gay,6-8,250,"AUG 17, 1986",35.0,Connecticut,1610612762,Jazz,Utah,2006,1.0,8.0,Rudy Gay,13.0,55.0
276,201144,Mike Conley,6-1,175,"OCT 11, 1987",34.0,Ohio State,1610612762,Jazz,Utah,2007,1.0,4.0,Mike Conley,17.2,72.0
277,1630215,Jared Butler,6-3,193,"AUG 25, 2000",21.0,Baylor,1610612762,Jazz,Utah,2021,2.0,40.0,Jared Butler,12.1,42.0
278,1630270,Xavier Sneed,6-5,215,"DEC 21, 1997",24.0,Kansas State,1610612762,Jazz,Utah,Undrafted,3.0,61.0,Xavier Sneed,0.4,9.0
279,1628962,Udoka Azubuike,7-0,270,"SEP 17, 1999",22.0,Kansas,1610612762,Jazz,Utah,2020,1.0,27.0,Udoka Azubuike,17.6,17.0
280,202355,Hassan Whiteside,7-0,265,"JUN 13, 1989",33.0,Marshall,1610612762,Jazz,Utah,2010,2.0,33.0,Hassan Whiteside,22.9,65.0
281,1626220,Royce O'Neale,6-5,226,"JUN 05, 1993",29.0,Baylor,1610612762,Nets,Brooklyn,Undrafted,3.0,61.0,Royce O'Neale,10.3,77.0
282,1627863,Danuel House Jr.,6-6,220,"JUN 07, 1993",29.0,Texas A&M,1610612762,76ers,Philadelphia,Undrafted,3.0,61.0,Danuel House Jr.,10.6,42.0
283,203497,Rudy Gobert,7-1,258,"JUN 26, 1992",30.0,Cholet,1610612762,Timberwolves,Minnesota,2013,1.0,27.0,Rudy Gobert,24.7,66.0
285,202711,Bojan Bogdanovic,6-7,226,"APR 18, 1989",33.0,Fenerbahce,1610612762,Pistons,Detroit,2011,2.0,31.0,Bojan Bogdanovic,15.7,69.0
286,1628378,Donovan Mitchell,6-1,215,"SEP 07, 1996",25.0,Louisville,1610612762,Cavaliers,Cleveland,2017,1.0,13.0,Donovan Mitchell,21.6,67.0
287,1629001,De'Anthony Melton,6-2,200,"MAY 28, 1998",24.0,Southern California,1610612763,76ers,Philadelphia,2018,2.0,46.0,De'Anthony Melton,15.2,73.0
288,203937,Kyle Anderson,6-9,230,"SEP 20, 1993",28.0,UCLA,1610612763,Timberwolves,Minnesota,2014,1.0,30.0,Kyle Anderson,14.4,69.0
289,1630214,Xavier Tillman,6-8,245,"JAN 12, 1999",23.0,Michigan State,1610612763,Grizzlies,Memphis,2020,2.0,35.0,Xavier Tillman,15.1,53.0
290,1630179,Tyrell Terry,6-2,160,"SEP 28, 2000",21.0,Stanford,1610612763,Grizzlies,Memphis,2020,2.0,31.0,Tyrell Terry,20.0,2.0
291,203500,Steven Adams,6-11,265,"JUL 20, 1993",28.0,Pittsburgh,1610612763,Grizzlies,Memphis,2013,1.0,12.0,Steven Adams,17.6,76.0
292,1630582,Yves Pons,6-5,206,"MAY 07, 1999",23.0,Tennessee,1610612763,Grizzlies,Memphis,Undrafted,3.0,61.0,Yves Pons,5.9,12.0
293,1630583,Santi Aldama,6-11,215,"JAN 10, 2001",21.0,Loyola-Maryland,1610612763,Grizzlies,Memphis,2021,1.0,30.0,Santi Aldama,10.2,32.0
294,1630533,Ziaire Williams,6-9,185,"SEP 12, 2001",20.0,Stanford,1610612763,Grizzlies,Memphis,2021,1.0,10.0,Ziaire Williams,9.7,62.0
295,1629630,Ja Morant,6-3,174,"AUG 10, 1999",22.0,Murray State,1610612763,Grizzlies,Memphis,2019,1.0,2.0,Ja Morant,24.4,57.0
296,1628991,Jaren Jackson Jr.,6-11,242,"SEP 15, 1999",22.0,Michigan State,1610612763,Grizzlies,Memphis,2018,1.0,4.0,Jaren Jackson Jr.,17.0,78.0
297,1629634,Brandon Clarke,6-8,215,"SEP 19, 1996",25.0,Gonzaga,1610612763,Grizzlies,Memphis,2019,1.0,21.0,Brandon Clarke,23.7,64.0
298,1626145,Tyus Jones,6-0,196,"MAY 10, 1996",26.0,Duke,1610612763,Grizzlies,Memphis,2015,1.0,24.0,Tyus Jones,16.5,73.0
299,1630217,Desmond Bane,6-5,215,"JUN 25, 1998",24.0,TCU,1610612763,Grizzlies,Memphis,2020,1.0,30.0,Desmond Bane,17.6,76.0
300,1629633,Jarrett Culver,6-6,195,"FEB 20, 1999",23.0,Texas Tech,1610612763,Hawks,Atlanta,2019,1.0,6.0,Jarrett Culver,8.7,37.0
301,1628415,Dillon Brooks,6-7,225,"JAN 22, 1996",26.0,Oregon,1610612763,Grizzlies,Memphis,2017,2.0,45.0,Dillon Brooks,15.5,32.0
302,1629681,Killian Tillie,6-9,220,"MAR 05, 1998",24.0,Gonzaga,1610612763,Grizzlies,Memphis,Undrafted,3.0,61.0,Killian Tillie,7.6,36.0
303,1629723,John Konchar,6-5,210,"MAR 22, 1996",26.0,Indiana-Purdue Fort Wayne,1610612763,Grizzlies,Memphis,Undrafted,3.0,61.0,John Konchar,14.0,72.0
304,203484,Kentavious Caldwell-Pope,6-5,204,"FEB 18, 1993",29.0,Georgia,1610612764,Nuggets,Denver,2013,1.0,8.0,Kentavious Caldwell-Pope,12.6,77.0
305,203078,Bradley Beal,6-4,207,"JUN 28, 1993",29.0,Florida,1610612764,Wizards,Washington,2012,1.0,3.0,Bradley Beal,17.5,40.0
306,202397,Ish Smith,6-0,175,"JUL 05, 1988",33.0,Wake Forest,1610612764,Nuggets,Denver,Undrafted,3.0,61.0,Ish Smith,12.5,65.0
307,1630216,Cassius Winston,6-1,185,"FEB 28, 1998",24.0,Michigan State,1610612764,Wizards,Washington,2020,2.0,53.0,Cassius Winston,6.0,7.0
308,204001,Kristaps Porzingis,7-3,240,"AUG 02, 1995",26.0,Cajasol Sevilla,1610612764,Wizards,Washington,2015,1.0,4.0,Kristaps Porzingis,23.7,51.0
309,1629060,Rui Hachimura,6-8,230,"FEB 08, 1998",24.0,Gonzaga,1610612764,Wizards,Washington,2019,1.0,9.0,Rui Hachimura,14.9,42.0
310,1630166,Deni Avdija,6-9,210,"JAN 03, 2001",21.0,Maccabi Tel Aviv,1610612764,Wizards,Washington,2020,1.0,9.0,Deni Avdija,11.6,82.0
311,1628418,Thomas Bryant,6-10,248,"JUL 31, 1997",24.0,Indiana,1610612764,Lakers,Los Angeles,2017,2.0,42.0,Thomas Bryant,16.6,27.0
312,1630225,Isaiah Todd,6-9,219,"OCT 17, 2001",20.0,NBA G League Ignite,1610612764,Wizards,Washington,2021,2.0,31.0,Isaiah Todd,4.7,12.0
313,1630264,Anthony Gill,6-7,230,"OCT 17, 1992",29.0,Virginia,1610612764,Wizards,Washington,Undrafted,3.0,61.0,Anthony Gill,14.7,44.0
314,203526,Raul Neto,6-2,180,"MAY 19, 1992",30.0,Murcia,1610612764,Cavaliers,Cleveland,2013,2.0,47.0,Raul Neto,12.4,70.0
315,1630648,Jordan Schakel,6-6,200,"JUN 13, 1998",24.0,San Diego State,1610612764,Wizards,Washington,Undrafted,3.0,61.0,Jordan Schakel,-1.2,4.0
316,1629655,Daniel Gafford,6-9,234,"OCT 01, 1998",23.0,Arkansas,1610612764,Wizards,Washington,2019,2.0,38.0,Daniel Gafford,21.8,72.0
317,1630176,Vernon Carey Jr.,6-9,270,"FEB 25, 2001",21.0,Duke,1610612764,Wizards,Washington,2020,2.0,32.0,Vernon Carey Jr.,15.8,7.0
318,1630557,Corey Kispert,6-6,224,"MAR 03, 1999",23.0,Gonzaga,1610612764,Wizards,Washington,2021,1.0,15.0,Corey Kispert,10.9,77.0
319,203107,Tomas Satoransky,6-7,210,"OCT 30, 1991",30.0,FC Barcelona,1610612764,Wizards,Washington,2012,2.0,32.0,Tomas Satoransky,10.2,55.0
320,1628398,Kyle Kuzma,6-9,221,"JUL 24, 1995",26.0,Utah,1610612764,Wizards,Washington,2017,1.0,27.0,Kyle Kuzma,15.2,66.0
321,1630595,Cade Cunningham,6-6,220,"SEP 25, 2001",20.0,Oklahoma State,1610612765,Pistons,Detroit,2021,1.0,1.0,Cade Cunningham,13.1,64.0
322,1629035,Carsen Edwards,5-11,200,"MAR 12, 1998",24.0,Purdue,1610612765,Celtics,Boston,2019,2.0,33.0,Carsen Edwards,5.5,4.0
323,1628402,Frank Jackson,6-3,205,"MAY 04, 1998",24.0,Duke,1610612765,Pistons,Detroit,2017,2.0,31.0,Frank Jackson,10.6,53.0
324,1628977,Hamidou Diallo,6-5,202,"JUL 31, 1998",23.0,Kentucky,1610612765,Pistons,Detroit,2018,2.0,45.0,Hamidou Diallo,15.7,58.0
325,1630165,Killian Hayes,6-5,195,"JUL 27, 2001",20.0,Ratiopharm Ulm,1610612765,Pistons,Detroit,2020,1.0,7.0,Killian Hayes,9.3,66.0
326,203924,Jerami Grant,6-8,210,"MAR 12, 1994",28.0,Syracuse,1610612765,Trail Blazers,Portland,2014,2.0,39.0,Jerami Grant,16.1,47.0
327,1630587,Isaiah Livers,6-6,232,"JUL 28, 1998",23.0,Michigan,1610612765,Pistons,Detroit,2021,2.0,42.0,Isaiah Livers,11.1,19.0
328,203482,Kelly Olynyk,6-11,240,"APR 19, 1991",31.0,Gonzaga,1610612765,Jazz,Utah,2013,1.0,13.0,Kelly Olynyk,16.7,40.0
329,203585,Rodney McGruder,6-4,205,"JUL 29, 1991",30.0,Kansas State,1610612765,Pistons,Detroit,Undrafted,3.0,61.0,Rodney McGruder,11.6,51.0
330,1630296,Braxton Key,6-8,225,"FEB 14, 1997",25.0,Virginia,1610612765,Pistons,Detroit,Undrafted,3.0,61.0,Braxton Key,13.7,11.0
331,202709,Cory Joseph,6-3,200,"AUG 20, 1991",30.0,Texas,1610612765,Pistons,Detroit,2011,1.0,29.0,Cory Joseph,11.4,65.0
332,1630691,Jamorko Pickett,6-9,206,"DEC 24, 1997",24.0,Georgetown,1610612765,Pistons,Detroit,Undrafted,3.0,61.0,Jamorko Pickett,7.6,13.0
333,1630191,Isaiah Stewart,6-8,250,"MAY 22, 2001",21.0,Washington,1610612765,Pistons,Detroit,2020,1.0,16.0,Isaiah Stewart,14.0,71.0
334,1628963,Marvin Bagley III,6-11,235,"MAR 14, 1999",23.0,Duke,1610612765,Pistons,Detroit,2018,1.0,2.0,Marvin Bagley III,15.7,48.0
335,1630240,Saben Lee,6-2,183,"JUN 23, 1999",23.0,Vanderbilt,1610612765,Pistons,Detroit,2020,2.0,38.0,Saben Lee,13.8,37.0
336,1630180,Saddiq Bey,6-7,215,"APR 09, 1999",23.0,Villanova,1610612765,Pistons,Detroit,2020,1.0,19.0,Saddiq Bey,14.0,82.0
337,1630568,Luka Garza,6-10,243,"DEC 27, 1998",23.0,Iowa,1610612765,Timberwolves,Minnesota,2021,2.0,52.0,Luka Garza,15.6,32.0
338,1628970,Miles Bridges,6-7,225,"MAR 21, 1998",24.0,Michigan State,1610612766,Hornets,Charlotte,2018,1.0,12.0,Miles Bridges,17.9,80.0
339,1630163,LaMelo Ball,6-7,180,"AUG 22, 2001",20.0,Illawarra,1610612766,Hornets,Charlotte,2020,1.0,3.0,LaMelo Ball,19.7,75.0
340,1626179,Terry Rozier,6-1,190,"MAR 17, 1994",28.0,Louisville,1610612766,Hornets,Charlotte,2015,1.0,16.0,Terry Rozier,17.6,73.0
341,202738,Isaiah Thomas,5-9,185,"FEB 07, 1989",33.0,Washington,1610612766,Hornets,Charlotte,2011,2.0,60.0,Isaiah Thomas,12.0,22.0
342,1630547,James Bouknight,6-4,190,"SEP 18, 2000",21.0,Connecticut,1610612766,Hornets,Charlotte,2021,1.0,11.0,James Bouknight,10.1,31.0
343,1629667,Jalen McDaniels,6-9,205,"JAN 31, 1998",24.0,San Diego State,1610612766,Hornets,Charlotte,2019,2.0,52.0,Jalen McDaniels,12.7,55.0
344,1626149,Montrezl Harrell,6-7,240,"JAN 26, 1994",28.0,Louisville,1610612766,76ers,Philadelphia,2015,2.0,32.0,Montrezl Harrell,23.2,71.0
345,1628998,Cody Martin,6-6,205,"SEP 28, 1995",26.0,Nevada,1610612766,Hornets,Charlotte,2019,2.0,36.0,Cody Martin,12.7,71.0
346,1626162,Kelly Oubre Jr.,6-6,203,"DEC 09, 1995",26.0,Kansas,1610612766,Hornets,Charlotte,2015,1.0,15.0,Kelly Oubre Jr.,14.9,76.0
347,1630208,Nick Richards,7-0,245,"NOV 29, 1997",24.0,Kentucky,1610612766,Hornets,Charlotte,2020,2.0,42.0,Nick Richards,15.9,50.0
348,1630575,Scottie Lewis,6-5,185,"MAR 12, 2000",22.0,Florida,1610612766,Hornets,Charlotte,2021,2.0,56.0,Scottie Lewis,14.6,2.0
349,202330,Gordon Hayward,6-7,225,"MAR 23, 1990",32.0,Butler,1610612766,Hornets,Charlotte,2010,1.0,9.0,Gordon Hayward,15.1,49.0
350,1630550,JT Thor,6-9,203,"AUG 26, 2002",19.0,Auburn,1610612766,Hornets,Charlotte,2021,2.0,37.0,JT Thor,9.7,33.0
351,1630539,Kai Jones,6-10,221,"JAN 19, 2001",21.0,Texas,1610612766,Hornets,Charlotte,2021,1.0,19.0,Kai Jones,9.2,21.0
352,203486,Mason Plumlee,6-11,254,"MAR 05, 1990",32.0,Duke,1610612766,Hornets,Charlotte,2013,1.0,22.0,Mason Plumlee,14.7,73.0
353,1629023,P.J. Washington,6-7,230,"AUG 23, 1998",23.0,Kentucky,1610612766,Hornets,Charlotte,2019,1.0,12.0,P.J. Washington,13.6,65.0
354,1629083,Arnoldas Kulboka,6-10,209,"JAN 04, 1998",24.0,Bilbao,1610612766,Hornets,Charlotte,2018,2.0,55.0,Arnoldas Kulboka,-10.7,2.0
355,1630167,Obi Toppin,6-9,220,"MAR 04, 1998",24.0,Dayton,1610612752,Knicks,New York,2020,1.0,8.0,Obi Toppin,18.3,72.0
356,1630540,Miles McBride,6-1,195,"SEP 08, 2000",21.0,West Virginia,1610612752,Knicks,New York,2021,2.0,36.0,Miles McBride,6.1,40.0
357,203457,Nerlens Noel,6-11,220,"APR 10, 1994",28.0,Kentucky,1610612752,Pistons,Detroit,2013,1.0,6.0,Nerlens Noel,11.8,25.0
358,201565,Derrick Rose,6-2,200,"OCT 04, 1988",33.0,Memphis,1610612752,Knicks,New York,2008,1.0,1.0,Derrick Rose,16.9,26.0
359,1630193,Immanuel Quickley,6-3,190,"JUN 17, 1999",23.0,Kentucky,1610612752,Knicks,New York,2020,1.0,25.0,Immanuel Quickley,14.6,78.0
360,1629656,Quentin Grimes,6-4,210,"MAY 08, 2000",22.0,Houston,1610612752,Knicks,New York,2021,1.0,25.0,Quentin Grimes,10.7,46.0
361,202689,Kemba Walker,6-0,184,"MAY 08, 1990",32.0,Connecticut,1610612752,Knicks,New York,2011,1.0,9.0,Kemba Walker,13.9,37.0
362,1629628,RJ Barrett,6-6,214,"JUN 14, 2000",22.0,Duke,1610612752,Knicks,New York,2019,1.0,3.0,RJ Barrett,13.7,70.0
363,1630624,Feron Hunt,6-8,195,"JUL 05, 1999",22.0,Southern Methodist,1610612752,Knicks,New York,Undrafted,3.0,61.0,Feron Hunt,-3.0,2.0
364,203095,Evan Fournier,6-6,205,"OCT 29, 1992",29.0,Poitiers Basket 86,1610612752,Knicks,New York,2012,1.0,20.0,Evan Fournier,12.3,80.0
365,202692,Alec Burks,6-6,214,"JUL 20, 1991",30.0,Colorado,1610612752,Pistons,Detroit,2011,1.0,12.0,Alec Burks,13.7,81.0
366,1629629,Cam Reddish,6-8,217,"SEP 01, 1999",22.0,Duke,1610612752,Knicks,New York,2019,1.0,10.0,Cam Reddish,12.8,49.0
367,1629011,Mitchell Robinson,7-0,240,"APR 01, 1998",24.0,Western Kentucky,1610612752,Knicks,New York,2018,2.0,36.0,Mitchell Robinson,20.7,72.0
368,203944,Julius Randle,6-8,250,"NOV 29, 1994",27.0,Kentucky,1610612752,Knicks,New York,2014,1.0,7.0,Julius Randle,15.7,72.0
369,1630579,Jericho Sims,6-9,250,"OCT 20, 1998",23.0,Texas,1610612752,Knicks,New York,2021,2.0,58.0,Jericho Sims,11.6,41.0
370,1627853,Ryan Arcidiacono,6-3,195,"MAR 26, 1994",28.0,Villanova,1610612752,Bulls,Chicago,Undrafted,3.0,61.0,Ryan Arcidiacono,6.1,10.0
371,201959,Taj Gibson,6-9,232,"JUN 24, 1985",37.0,Southern California,1610612752,Wizards,Washington,2009,1.0,26.0,Taj Gibson,12.0,52.0
373,1629643,Chuma Okeke,6-6,229,"AUG 18, 1998",23.0,Auburn,1610612753,Magic,Orlando,2019,1.0,16.0,Chuma Okeke,12.0,70.0
374,1630591,Jalen Suggs,6-5,205,"JUN 03, 2001",21.0,Gonzaga,1610612753,Magic,Orlando,2021,1.0,5.0,Jalen Suggs,8.6,48.0
375,1628964,Mo Bamba,7-0,231,"MAY 12, 1998",24.0,Texas,1610612753,Magic,Orlando,2018,1.0,6.0,Mo Bamba,16.5,71.0
376,1629626,Bol Bol,7-2,220,"NOV 16, 1999",22.0,Oregon,1610612753,Magic,Orlando,2019,2.0,44.0,Bol Bol,13.5,14.0
377,1630181,R.J. Hampton,6-4,175,"FEB 07, 2001",21.0,New Zealand Breakers,1610612753,Magic,Orlando,2020,1.0,24.0,R.J. Hampton,8.5,64.0
378,203914,Gary Harris,6-4,210,"SEP 14, 1994",27.0,Michigan State,1610612753,Magic,Orlando,2014,1.0,19.0,Gary Harris,10.9,61.0
379,1629649,Ignas Brazdeikis,6-6,221,"JAN 08, 1999",23.0,Michigan,1610612753,Magic,Orlando,2019,2.0,47.0,Ignas Brazdeikis,10.2,42.0
380,1628365,Markelle Fultz,6-4,209,"MAY 29, 1998",24.0,Washington,1610612753,Magic,Orlando,2017,1.0,1.0,Markelle Fultz,17.7,18.0
381,1629021,Moritz Wagner,6-11,245,"APR 26, 1997",25.0,Michigan,1610612753,Magic,Orlando,2018,1.0,25.0,Moritz Wagner,18.1,63.0
382,1630532,Franz Wagner,6-10,220,"AUG 27, 2001",20.0,Michigan,1610612753,Magic,Orlando,2021,1.0,8.0,Franz Wagner,14.7,79.0
383,1629678,Admiral Schofield,6-5,241,"MAR 30, 1997",25.0,Tennessee,1610612753,Magic,Orlando,2019,2.0,42.0,Admiral Schofield,7.5,38.0
384,1629962,Devin Cannady,6-2,183,"MAY 21, 1996",26.0,Princeton,1610612753,Magic,Orlando,2019,3.0,61.0,Devin Cannady,8.6,5.0
385,203082,Terrence Ross,6-6,206,"FEB 05, 1991",31.0,Washington,1610612753,Magic,Orlando,2012,1.0,8.0,Terrence Ross,10.0,63.0
386,201577,Robin Lopez,7-0,281,"APR 01, 1988",34.0,Stanford,1610612753,Cavaliers,Cleveland,2008,1.0,15.0,Robin Lopez,13.7,36.0
387,1628976,Wendell Carter Jr.,6-10,270,"APR 16, 1999",23.0,Duke,1610612753,Magic,Orlando,2018,1.0,7.0,Wendell Carter Jr.,18.4,62.0
388,1630175,Cole Anthony,6-3,185,"MAY 15, 2000",22.0,North Carolina,1610612753,Magic,Orlando,2020,1.0,15.0,Cole Anthony,13.5,65.0
389,1628221,Gabe York,6-3,190,"AUG 02, 1993",28.0,Arizona,1610612754,Pacers,Indiana,Undrafted,3.0,61.0,Gabe York,12.7,2.0
390,1630169,Tyrese Haliburton,6-5,185,"FEB 29, 2000",22.0,Iowa State,1610612754,Pacers,Indiana,2020,1.0,12.0,Tyrese Haliburton,18.2,77.0
392,1630537,Chris Duarte,6-5,190,"JUN 13, 1997",25.0,Oregon,1610612754,Pacers,Indiana,2021,1.0,13.0,Chris Duarte,12.3,55.0
393,1630613,Duane Washington Jr.,6-3,197,"MAR 24, 2000",22.0,Ohio State,1610612754,Suns,Phoenix,Undrafted,3.0,61.0,Duane Washington Jr.,10.2,48.0
394,202362,Lance Stephenson,6-5,210,"SEP 05, 1990",31.0,Cincinnati,1610612754,Pacers,Indiana,2010,2.0,40.0,Lance Stephenson,13.6,46.0
395,1627763,Malcolm Brogdon,6-5,229,"DEC 11, 1992",29.0,Virginia,1610612754,Celtics,Boston,2016,2.0,36.0,Malcolm Brogdon,18.0,36.0
396,204456,T.J. McConnell,6-1,190,"MAR 25, 1992",30.0,Arizona,1610612754,Pacers,Indiana,2015,3.0,61.0,T.J. McConnell,15.1,27.0
397,1629052,Oshae Brissett,6-7,210,"JUN 20, 1998",24.0,Syracuse,1610612754,Pacers,Indiana,Undrafted,3.0,61.0,Oshae Brissett,12.9,67.0
398,1630207,Nate Hinton,6-5,210,"JUN 08, 1999",23.0,Houston,1610612754,Pacers,Indiana,Undrafted,3.0,61.0,Nate Hinton,-45.2,2.0
399,1630543,Isaiah Jackson,6-10,205,"JAN 10, 2002",20.0,Kentucky,1610612754,Pacers,Indiana,2021,1.0,22.0,Isaiah Jackson,20.5,36.0
400,1627741,Buddy Hield,6-4,220,"DEC 17, 1992",29.0,Oklahoma,1610612754,Pacers,Indiana,2016,1.0,6.0,Buddy Hield,12.9,81.0
401,1630188,Jalen Smith,6-10,215,"MAR 16, 2000",22.0,Maryland,1610612754,Pacers,Indiana,2020,1.0,10.0,Jalen Smith,18.4,51.0
402,1630678,Terry Taylor,6-5,230,"SEP 23, 1999",22.0,Austin Peay,1610612754,Pacers,Indiana,Undrafted,3.0,61.0,Terry Taylor,19.0,33.0
403,1626167,Myles Turner,6-11,250,"MAR 24, 1996",26.0,Texas,1610612754,Pacers,Indiana,2015,1.0,11.0,Myles Turner,17.4,42.0
404,1629048,Goga Bitadze,7-0,250,"JUL 20, 1999",22.0,Mega Basket,1610612754,Pacers,Indiana,2019,1.0,18.0,Goga Bitadze,18.0,50.0
405,201937,Ricky Rubio,6-2,190,"OCT 21, 1990",31.0,FC Barcelona,1610612754,Cavaliers,Cleveland,2009,1.0,5.0,Ricky Rubio,14.0,34.0
406,1630178,Tyrese Maxey,6-2,200,"NOV 04, 2000",21.0,Kentucky,1610612755,76ers,Philadelphia,2020,1.0,21.0,Tyrese Maxey,16.2,75.0
407,201935,James Harden,6-5,220,"AUG 26, 1989",32.0,Arizona State,1610612755,76ers,Philadelphia,2009,1.0,3.0,James Harden,20.9,65.0
408,1629619,Myles Powell,6-2,195,"JUL 07, 1997",24.0,Seton Hall,1610612755,76ers,Philadelphia,Undrafted,3.0,61.0,Myles Powell,0.2,11.0
409,1630198,Isaiah Joe,6-4,165,"JUL 02, 1999",22.0,Arkansas,1610612755,Thunder,Oklahoma City,2020,2.0,49.0,Isaiah Joe,7.7,55.0
410,200794,Paul Millsap,6-7,257,"FEB 10, 1985",37.0,Louisiana Tech,1610612755,76ers,Philadelphia,2006,2.0,47.0,Paul Millsap,10.8,33.0
411,201599,DeAndre Jordan,6-11,265,"JUL 21, 1988",33.0,Texas A&M,1610612755,Nuggets,Denver,2008,2.0,35.0,DeAndre Jordan,17.2,48.0
412,1630531,Jaden Springer,6-4,202,"SEP 25, 2002",19.0,Tennessee,1610612755,76ers,Philadelphia,2021,1.0,28.0,Jaden Springer,26.4,2.0
413,202699,Tobias Harris,6-7,226,"JUL 15, 1992",29.0,Tennessee,1610612755,76ers,Philadelphia,2011,1.0,19.0,Tobias Harris,15.9,73.0
414,201980,Danny Green,6-6,215,"JUN 22, 1987",35.0,North Carolina,1610612755,Grizzlies,Memphis,2009,2.0,46.0,Danny Green,9.5,62.0
415,1629718,Charlie Brown Jr.,6-6,199,"FEB 02, 1997",25.0,St. Joseph's (PA),1610612755,76ers,Philadelphia,Undrafted,3.0,61.0,Charlie Brown Jr.,6.5,22.0
416,1629003,Shake Milton,6-5,205,"SEP 26, 1996",25.0,Southern Methodist,1610612755,76ers,Philadelphia,2018,2.0,54.0,Shake Milton,11.9,55.0
417,1627777,Georges Niang,6-7,230,"JUN 17, 1993",29.0,Iowa State,1610612755,76ers,Philadelphia,2016,2.0,50.0,Georges Niang,10.7,76.0
418,203954,Joel Embiid,7-0,280,"MAR 16, 1994",28.0,Kansas,1610612755,76ers,Philadelphia,2014,1.0,3.0,Joel Embiid,31.2,68.0
419,1629680,Matisse Thybulle,6-5,201,"MAR 04, 1997",25.0,Washington,1610612755,76ers,Philadelphia,2019,1.0,20.0,Matisse Thybulle,11.2,66.0
420,1629646,Charles Bassey,6-9,230,"OCT 28, 2000",21.0,Western Kentucky,1610612755,Spurs,San Antonio,2021,2.0,53.0,Charles Bassey,21.5,23.0
421,1627788,Furkan Korkmaz,6-7,202,"JUL 24, 1997",24.0,Anadolu Efes,1610612755,76ers,Philadelphia,2016,1.0,26.0,Furkan Korkmaz,10.2,67.0
422,1630194,Paul Reed,6-9,210,"JUN 14, 1999",23.0,DePaul,1610612755,76ers,Philadelphia,2020,2.0,58.0,Paul Reed,21.4,38.0
423,201580,JaVale McGee,7-0,270,"JAN 19, 1988",34.0,Nevada,1610612756,Mavericks,Dallas,2008,1.0,18.0,JaVale McGee,22.6,74.0
424,1628470,Torrey Craig,6-7,221,"DEC 19, 1990",31.0,South Carolina Upstate,1610612756,Suns,Phoenix,Undrafted,3.0,61.0,Torrey Craig,11.0,78.0
425,1626164,Devin Booker,6-5,206,"OCT 30, 1996",25.0,Kentucky,1610612756,Suns,Phoenix,2015,1.0,13.0,Devin Booker,21.3,68.0
426,203901,Elfrid Payton,6-3,195,"FEB 22, 1994",28.0,Louisana-Lafayette,1610612756,Suns,Phoenix,2014,1.0,10.0,Elfrid Payton,7.9,50.0
427,101108,Chris Paul,6-0,175,"MAY 06, 1985",37.0,Wake Forest,1610612756,Suns,Phoenix,2005,1.0,4.0,Chris Paul,20.8,65.0
428,1628988,Aaron Holiday,6-0,185,"SEP 30, 1996",25.0,UCLA,1610612756,Hawks,Atlanta,2018,1.0,23.0,Aaron Holiday,12.6,63.0
429,1630688,Ish Wainright,6-5,250,"SEP 12, 1994",27.0,Baylor,1610612756,Suns,Phoenix,Undrafted,3.0,61.0,Ish Wainright,9.4,45.0
430,1629013,Landry Shamet,6-4,190,"MAR 13, 1997",25.0,Wichita State,1610612756,Suns,Phoenix,2018,1.0,26.0,Landry Shamet,10.2,69.0
431,1626166,Cameron Payne,6-1,183,"AUG 08, 1994",27.0,Murray State,1610612756,Suns,Phoenix,2015,1.0,14.0,Cameron Payne,13.8,58.0
432,202687,Bismack Biyombo,6-8,255,"AUG 28, 1992",29.0,Baloncesto Fuenlabrada,1610612756,Suns,Phoenix,2011,1.0,7.0,Bismack Biyombo,17.3,36.0
433,1630994,Gabriel Lundberg,6-4,203,"DEC 04, 1994",27.0,CSKA Moscow,1610612756,Suns,Phoenix,Undrafted,3.0,61.0,Gabriel Lundberg,7.7,4.0
435,1629028,Deandre Ayton,6-11,250,"JUL 23, 1998",23.0,Arizona,1610612756,Suns,Phoenix,2018,1.0,1.0,Deandre Ayton,21.9,58.0
436,1629661,Cameron Johnson,6-8,210,"MAR 03, 1996",26.0,North Carolina,1610612756,Suns,Phoenix,2019,1.0,11.0,Cameron Johnson,15.2,66.0
437,1628969,Mikal Bridges,6-6,209,"AUG 30, 1996",25.0,Villanova,1610612756,Suns,Phoenix,2018,1.0,10.0,Mikal Bridges,14.4,82.0
438,203109,Jae Crowder,6-6,235,"JUL 06, 1990",31.0,Marquette,1610612756,Suns,Phoenix,2012,2.0,34.0,Jae Crowder,11.3,67.0
439,203081,Damian Lillard,6-2,195,"JUL 15, 1990",31.0,Weber State,1610612757,Trail Blazers,Portland,2012,1.0,6.0,Damian Lillard,18.5,29.0
440,204060,Joe Ingles,6-8,220,"OCT 02, 1987",34.0,Maccabi Tel Aviv,1610612757,Bucks,Milwaukee,Undrafted,3.0,61.0,Joe Ingles,10.0,45.0
441,1629014,Anfernee Simons,6-3,181,"JUN 08, 1999",23.0,Edgewater HS (FL),1610612757,Trail Blazers,Portland,2018,1.0,24.0,Anfernee Simons,15.3,57.0
442,1630570,Trendon Watford,6-8,237,"NOV 09, 2000",21.0,Louisiana State,1610612757,Trail Blazers,Portland,Undrafted,3.0,61.0,Trendon Watford,15.8,48.0
443,1630535,Greg Brown III,6-7,206,"SEP 01, 2001",20.0,Texas,1610612757,Trail Blazers,Portland,2021,2.0,43.0,Greg Brown III,11.0,48.0
444,202339,Eric Bledsoe,6-1,214,"DEC 09, 1989",32.0,Kentucky,1610612757,Trail Blazers,Portland,2010,1.0,18.0,Eric Bledsoe,12.5,54.0
445,1630553,Keon Johnson,6-4,185,"MAR 10, 2002",20.0,Tennessee,1610612757,Trail Blazers,Portland,2021,1.0,21.0,Keon Johnson,8.7,37.0
446,1630314,Brandon Williams,6-2,190,"NOV 22, 1999",22.0,Arizona,1610612757,Trail Blazers,Portland,Undrafted,3.0,61.0,Brandon Williams,11.0,24.0
447,1629642,Nassir Little,6-5,220,"FEB 11, 2000",22.0,North Carolina,1610612757,Trail Blazers,Portland,2019,1.0,25.0,Nassir Little,13.5,42.0
448,1628404,Josh Hart,6-5,215,"MAR 06, 1995",27.0,Villanova,1610612757,Trail Blazers,Portland,2017,1.0,30.0,Josh Hart,16.1,54.0
449,1629604,CJ Elleby,6-6,200,"JUN 16, 2000",22.0,Washington State,1610612757,Trail Blazers,Portland,2020,2.0,46.0,CJ Elleby,9.2,58.0
450,1630190,Elijah Hughes,6-5,215,"MAR 10, 1998",24.0,Syracuse,1610612757,Trail Blazers,Portland,2020,2.0,39.0,Elijah Hughes,5.4,36.0
451,1629833,Keljin Blevins,6-4,200,"NOV 24, 1995",26.0,Montana State,1610612757,Trail Blazers,Portland,2019,3.0,61.0,Keljin Blevins,4.8,31.0
452,203463,Ben McLemore,6-3,195,"FEB 11, 1993",29.0,Kansas,1610612757,Trail Blazers,Portland,2013,1.0,7.0,Ben McLemore,11.7,64.0
453,1626159,Justise Winslow,6-6,222,"MAR 26, 1996",26.0,Duke,1610612757,Trail Blazers,Portland,2015,1.0,10.0,Justise Winslow,13.1,48.0
454,203994,Jusuf Nurkic,6-11,290,"AUG 23, 1994",27.0,Cedevita,1610612757,Trail Blazers,Portland,2014,1.0,16.0,Jusuf Nurkic,20.0,56.0
455,1629712,Didi Louzada,6-5,188,"JUL 02, 1999",22.0,Sydney Kings,1610612757,Trail Blazers,Portland,2019,2.0,35.0,Didi Louzada,6.4,9.0
456,1628978,Donte DiVincenzo,6-4,203,"JAN 31, 1997",25.0,Villanova,1610612758,Warriors,Golden State,2018,1.0,17.0,Donte DiVincenzo,11.3,42.0
457,1629056,Terence Davis,6-4,201,"MAY 16, 1997",25.0,Mississippi,1610612758,Kings,Sacramento,Undrafted,3.0,61.0,Terence Davis,14.6,30.0
458,1628368,De'Aaron Fox,6-3,185,"DEC 20, 1997",24.0,Kentucky,1610612758,Kings,Sacramento,2017,1.0,5.0,De'Aaron Fox,17.4,59.0
459,1629002,Chimezie Metu,6-9,225,"MAR 22, 1997",25.0,Southern California,1610612758,Kings,Sacramento,2018,2.0,49.0,Chimezie Metu,13.4,60.0
460,203090,Maurice Harkless,6-7,220,"MAY 11, 1993",29.0,"St. John's, N.Y.",1610612758,Kings,Sacramento,2012,1.0,15.0,Maurice Harkless,7.7,47.0
461,203200,Justin Holiday,6-6,180,"APR 05, 1989",33.0,Washington,1610612758,Hawks,Atlanta,Undrafted,3.0,61.0,Justin Holiday,9.5,74.0
462,1627734,Domantas Sabonis,6-11,240,"MAY 03, 1996",26.0,Gonzaga,1610612758,Kings,Sacramento,2016,1.0,11.0,Domantas Sabonis,21.9,62.0
463,1630558,Davion Mitchell,6-0,202,"SEP 05, 1998",23.0,Baylor,1610612758,Kings,Sacramento,2021,1.0,9.0,Davion Mitchell,10.8,75.0
464,1626158,Richaun Holmes,6-10,235,"OCT 15, 1993",28.0,Bowling Green,1610612758,Kings,Sacramento,2015,2.0,37.0,Richaun Holmes,17.8,45.0
465,203458,Alex Len,7-0,250,"JUN 16, 1993",29.0,Maryland,1610612758,Kings,Sacramento,2013,1.0,5.0,Alex Len,13.1,39.0
466,203087,Jeremy Lamb,6-5,180,"MAY 30, 1992",30.0,Connecticut,1610612758,Kings,Sacramento,2012,1.0,12.0,Jeremy Lamb,13.3,56.0
467,1627745,Damian Jones,6-11,245,"JUN 30, 1995",27.0,Vanderbilt,1610612758,Lakers,Los Angeles,2016,1.0,30.0,Damian Jones,18.3,56.0
468,203084,Harrison Barnes,6-8,225,"MAY 30, 1992",30.0,North Carolina,1610612758,Kings,Sacramento,2012,1.0,7.0,Harrison Barnes,15.7,77.0
469,1626168,Trey Lyles,6-9,234,"NOV 05, 1995",26.0,Kentucky,1610612758,Kings,Sacramento,2015,1.0,12.0,Trey Lyles,16.4,75.0
470,1628367,Josh Jackson,6-8,207,"FEB 10, 1997",25.0,Kansas,1610612758,Kings,Sacramento,2017,1.0,4.0,Josh Jackson,9.5,51.0
471,1629674,Neemias Queta,7-0,248,"JUL 13, 1999",22.0,Utah State,1610612758,Kings,Sacramento,2021,2.0,39.0,Neemias Queta,12.7,14.0
472,1629022,Lonnie Walker IV,6-4,204,"DEC 14, 1998",23.0,Miami,1610612759,Lakers,Los Angeles,2018,1.0,18.0,Lonnie Walker IV,12.3,70.0
473,1629640,Keldon Johnson,6-6,220,"OCT 11, 1999",22.0,Kentucky,1610612759,Spurs,San Antonio,2019,1.0,29.0,Keldon Johnson,15.2,75.0
474,1627749,Dejounte Murray,6-4,180,"SEP 19, 1996",25.0,Washington,1610612759,Hawks,Atlanta,2016,1.0,29.0,Dejounte Murray,22.3,68.0
475,1626196,Josh Richardson,6-5,200,"SEP 15, 1993",28.0,Tennessee,1610612759,Spurs,San Antonio,2015,2.0,40.0,Josh Richardson,12.8,65.0
476,1630563,Joshua Primo,6-4,189,"DEC 24, 2002",19.0,Alabama,1610612759,Spurs,San Antonio,2021,1.0,12.0,Joshua Primo,7.1,50.0
477,1630580,Joe Wieskamp,6-6,205,"AUG 23, 1999",22.0,Iowa,1610612759,Spurs,San Antonio,2021,2.0,41.0,Joe Wieskamp,7.1,29.0
478,203926,Doug McDermott,6-7,225,"JAN 03, 1992",30.0,Creighton,1610612759,Spurs,San Antonio,2014,1.0,11.0,Doug McDermott,11.4,51.0
479,1629719,Devontae Cacok,6-7,240,"OCT 08, 1996",25.0,North Carolina-Wilmington,1610612759,Spurs,San Antonio,Undrafted,3.0,61.0,Devontae Cacok,20.2,15.0
481,1628380,Zach Collins,6-11,250,"NOV 19, 1997",24.0,Gonzaga,1610612759,Spurs,San Antonio,2017,1.0,10.0,Zach Collins,16.4,28.0
482,1630170,Devin Vassell,6-5,200,"AUG 23, 2000",21.0,Florida State,1610612759,Spurs,San Antonio,2020,1.0,11.0,Devin Vassell,13.3,71.0
483,1627751,Jakob Poeltl,7-1,245,"OCT 15, 1995",26.0,Utah,1610612759,Spurs,San Antonio,2016,1.0,9.0,Jakob Poeltl,20.8,68.0
484,1630218,Robert Woodard II,6-6,235,"SEP 22, 1999",22.0,Mississippi State,1610612759,Spurs,San Antonio,2020,2.0,40.0,Robert Woodard II,2.1,12.0
485,1628966,Keita Bates-Diop,6-8,229,"JAN 23, 1996",26.0,Ohio State,1610612759,Spurs,San Antonio,2018,2.0,48.0,Keita Bates-Diop,12.4,59.0
486,1630200,Tre Jones,6-1,185,"JAN 08, 2000",22.0,Duke,1610612759,Spurs,San Antonio,2020,2.0,41.0,Tre Jones,15.0,69.0
487,1629111,Jock Landale,6-11,255,"OCT 25, 1995",26.0,St. Mary's,1610612759,Suns,Phoenix,Undrafted,3.0,61.0,Jock Landale,16.0,54.0
488,1629641,Romeo Langford,6-5,216,"OCT 25, 1999",22.0,Indiana,1610612759,Spurs,San Antonio,2019,1.0,14.0,Romeo Langford,9.2,48.0
489,1628983,Shai Gilgeous-Alexander,6-6,180,"JUL 12, 1998",23.0,Kentucky,1610612760,Thunder,Oklahoma City,2018,1.0,11.0,Shai Gilgeous-Alexander,20.9,56.0
490,1630581,Josh Giddey,6-8,205,"OCT 10, 2002",19.0,NBA Global Academy,1610612760,Thunder,Oklahoma City,2021,1.0,6.0,Josh Giddey,13.3,54.0
491,1629652,Luguentz Dort,6-3,215,"APR 19, 1999",23.0,Arizona State,1610612760,Thunder,Oklahoma City,Undrafted,3.0,61.0,Luguentz Dort,12.3,51.0
492,1628982,Melvin Frazier Jr.,6-5,215,"AUG 30, 1996",25.0,Tulane,1610612760,Magic,Orlando,2018,2.0,35.0,Melvin Frazier Jr.,-0.4,3.0
493,1629647,Darius Bazley,6-8,208,"JUN 12, 2000",22.0,Princeton HS (OH),1610612760,Thunder,Oklahoma City,2019,1.0,23.0,Darius Bazley,12.6,69.0
494,1630177,Theo Maledon,6-4,175,"JUN 12, 2001",21.0,Asvel,1610612760,Hornets,Charlotte,2020,2.0,34.0,Theo Maledon,10.6,51.0
495,1630322,Lindy Waters III,6-6,215,"JUL 28, 1997",24.0,Oklahoma State,1610612760,Thunder,Oklahoma City,Undrafted,3.0,61.0,Lindy Waters III,13.0,25.0
496,202324,Derrick Favors,6-9,265,"JUL 15, 1991",30.0,Georgia Tech,1610612760,Thunder,Oklahoma City,2010,1.0,3.0,Derrick Favors,13.6,39.0
497,1629660,Ty Jerome,6-5,195,"JUL 08, 1997",24.0,Virginia,1610612760,Warriors,Golden State,2019,1.0,24.0,Ty Jerome,11.3,48.0
498,1630197,Aleksej Pokusevski,7-0,190,"DEC 26, 2001",20.0,Olympiacos,1610612760,Thunder,Oklahoma City,2020,1.0,17.0,Aleksej Pokusevski,12.0,61.0
499,1630598,Aaron Wiggins,6-4,190,"JAN 02, 1999",23.0,Maryland,1610612760,Thunder,Oklahoma City,2021,2.0,55.0,Aaron Wiggins,10.3,50.0
500,1629676,Isaiah Roby,6-8,230,"FEB 03, 1998",24.0,Nebraska,1610612760,Spurs,San Antonio,2019,2.0,45.0,Isaiah Roby,18.3,45.0
501,1630544,Tre Mann,6-3,178,"FEB 03, 2001",21.0,Florida,1610612760,Thunder,Oklahoma City,2021,1.0,18.0,Tre Mann,10.2,60.0
502,1630249,Vit Krejci,6-8,195,"JUN 19, 2000",22.0,Zaragoza,1610612760,Hawks,Atlanta,2020,2.0,37.0,Vit Krejci,8.5,30.0
503,203488,Mike Muscala,6-10,240,"JUL 01, 1991",30.0,Bucknell,1610612760,Thunder,Oklahoma City,2013,2.0,44.0,Mike Muscala,19.7,43.0
504,1629026,Kenrich Williams,6-6,210,"DEC 02, 1994",27.0,TCU,1610612760,Thunder,Oklahoma City,Undrafted,3.0,61.0,Kenrich Williams,13.3,49.0
505,1630526,Jeremiah Robinson-Earl,6-8,242,"NOV 03, 2000",21.0,Villanova,1610612760,Thunder,Oklahoma City,2021,2.0,32.0,Jeremiah Robinson-Earl,11.7,49.0
