,Player,Colleges,Date,Player City,Country,State,Team Name,Team City,PER
0,Delon Wright,Utah,"Apr 26, 1992",Los Angeles,US,CA,Atlanta Hawks,Atlanta,13.8
1,Jalen Johnson,Duke,"Dec 18, 2001",Wausau,US,WI,Atlanta Hawks,Atlanta,11.3
2,Sharife Cooper,Auburn,"Jun 11, 2001",Newark,US,NJ,Atlanta Hawks,Atlanta,-5.4
3,Kevin Huerter,Maryland,"Aug 27, 1998",Albany,US,NY,Atlanta Hawks,Atlanta,11.9
4,Skylar Mays,LSU,"Sep 5, 1997",Baton Rouge,US,LA,Atlanta Hawks,Atlanta,11.7
5,Kevin Knox II,Kentucky,,,USA,,Atlanta Hawks,Atlanta,
6,Lou Williams,South Gwinnett HS (GA),"Oct 27, 1986",Memphis,US,TN,Atlanta Hawks,Atlanta,12.1
7,Timothe Luwawu-Cabarrot,                                   ,"May 9, 1995",Cannes,FR,,Atlanta Hawks,Atlanta,
8,Danilo Gallinari,Olimpia Milano,"Aug 8, 1988",Sant'Angelo Lodigiano,IT,,Atlanta Hawks,Atlanta,14.3
9,Gorgui Dieng,Louisville,"Jan 18, 1990",Kebemer,SN,,Atlanta Hawks,Atlanta,17.3
10,Trae Young,Oklahoma,"Sep 19, 1998",Lubbock,US,TX,Atlanta Hawks,Atlanta,25.4
11,De'Andre Hunter,Virginia,"Dec 2, 1997",Philadelphia,US,PA,Atlanta Hawks,Atlanta,10.6
12,Bogdan Bogdanovic,Fenerbahce,"Aug 18, 1992",Belgrade,RS,,Atlanta Hawks,Atlanta,
13,Clint Capela,Elan Chalon,"May 18, 1994",Geneva,CH,,Atlanta Hawks,Atlanta,21.4
14,Onyeka Okongwu,USC,"Dec 11, 2000",Los Angeles,US,CA,Atlanta Hawks,Atlanta,19.8
15,John Collins,Wake Forest,"Sep 23, 1997",Layton,US,UT,Atlanta Hawks,Atlanta,18.7
16,Chaundee Brown Jr.,"Wake Forest, Michigan","Dec 4, 1998",Orlando,US,FL,Atlanta Hawks,Atlanta,6.4
17,Matt Ryan,"Notre Dame, Vanderbilt, Chattanooga","Apr 17, 1997",White Plains,US,NY,Boston Celtics,Boston,3.5
18,Jayson Tatum,Duke,"Mar 3, 1998",St. Louis,US,MO,Boston Celtics,Boston,21.8
19,Jaylen Brown,California,"Oct 24, 1996",Marietta,US,GA,Boston Celtics,Boston,18.9
20,Malik Fitts,"South Florida, Saint Mary's","Jul 4, 1997",Lynwood,US,CA,Boston Celtics,Boston,10.7
21,Derrick White,"Colorado-Colorado Springs, Colorado","Jul 2, 1994",Parker,US,CO,Boston Celtics,Boston,14.8
22,Payton Pritchard,Oregon,"Jan 28, 1998",Tualatin,US,OR,Boston Celtics,Boston,15.0
23,Grant Williams,Tennessee,"Nov 30, 1998",Houston,US,TX,Boston Celtics,Boston,11.2
24,Nik Stauskas,Michigan,"Oct 7, 1993",Mississauga,CA,,Boston Celtics,Boston,10.5
25,Juwan Morgan,Indiana,"Apr 17, 1997",Waynesville,US,MO,Boston Celtics,Boston,8.3
26,Aaron Nesmith,Vanderbilt,"Oct 16, 1999",Charleston,US,SC,Boston Celtics,Boston,7.3
27,Daniel Theis,,"Apr 4, 1992",Salzgitter,DE,,Boston Celtics,Boston,13.2
28,Sam Hauser,"Marquette, Virginia","Dec 8, 1997",Green Bay,US,WI,Boston Celtics,Boston,14.8
29,Marcus Smart,Oklahoma State,"Mar 6, 1994",Flower Mound,US,TX,Boston Celtics,Boston,13.6
30,Luke Kornet,Vanderbilt,"Jul 15, 1995",Lantana,US,TX,Boston Celtics,Boston,16.6
31,Al Horford,Florida,"Jun 3, 1986",Puerto Plata,DO,,Boston Celtics,Boston,16.7
32,Robert Williams III,Texas A&M,,,USA,,Boston Celtics,Boston,
33,Brodric Thomas,Truman State University,"Jan 28, 1997",Bolingbrook,US,IL,Boston Celtics,Boston,10.0
34,Kevin Love,UCLA,"Sep 7, 1988",Santa Monica,US,CA,Cleveland Cavaliers,Cleveland,19.6
35,Brandon Goodwin,"Central Florida, Florida Gulf Coast","Oct 2, 1995",Norcross,US,GA,Cleveland Cavaliers,Cleveland,11.8
36,Rajon Rondo,Kentucky,"Feb 22, 1986",Louisville,US,KY,Cleveland Cavaliers,Cleveland,10.9
37,Collin Sexton,Alabama,"Jan 4, 1999",Marietta,US,GA,Cleveland Cavaliers,Cleveland,11.2
38,Caris LeVert,Michigan,"Aug 25, 1994",Columbus,US,OH,Cleveland Cavaliers,Cleveland,15.1
39,Evan Mobley,USC,"Jun 18, 2001",San Diego,US,CA,Cleveland Cavaliers,Cleveland,16.1
40,RJ Nembhard Jr.,TCU,"Mar 22, 1999",Keller,US,TX,Cleveland Cavaliers,Cleveland,8.0
41,Moses Brown,UCLA,"Oct 13, 1999",New York,US,NY,Cleveland Cavaliers,Cleveland,18.5
42,Lamar Stevens,Penn State,"Jul 9, 1997",Philadelphia,US,PA,Cleveland Cavaliers,Cleveland,11.3
43,Dylan Windler,Belmont,"Sep 22, 1996",Indianapolis,US,IN,Cleveland Cavaliers,Cleveland,8.8
44,Darius Garland,Vanderbilt,"Jan 26, 2000",Gary,US,IN,Cleveland Cavaliers,Cleveland,19.0
45,Cedi Osman,Anadolu Efes,"Apr 8, 1995",Ohrid,MK,,Cleveland Cavaliers,Cleveland,13.3
46,Ed Davis,UNC,"Jun 5, 1989",Washington,US,DC,Cleveland Cavaliers,Cleveland,9.3
47,Lauri Markkanen,Arizona,"May 22, 1997",Vantaa,FI,,Cleveland Cavaliers,Cleveland,14.7
48,Jarrett Allen,Texas,"Apr 21, 1998",San Diego,US,CA,Cleveland Cavaliers,Cleveland,23.0
49,Dean Wade,Kansas State,"Nov 20, 1996",Wichita,US,KS,Cleveland Cavaliers,Cleveland,10.1
50,Isaac Okoro,Auburn,"Jan 26, 2001",Atlanta,US,GA,Cleveland Cavaliers,Cleveland,10.4
51,Zion Williamson,Duke,"Jul 6, 2000",Salisbury,US,NC,New Orleans Pelicans,New Orleans,
52,Jared Harper,Auburn,"Sep 14, 1997",Atlanta,US,GA,New Orleans Pelicans,New Orleans,36.9
53,CJ McCollum,Lehigh,"Sep 19, 1991",Canton,US,OH,New Orleans Pelicans,New Orleans,18.3
54,Devonte' Graham,Kansas,"Feb 22, 1995",Raleigh,US,NC,New Orleans Pelicans,New Orleans,12.1
55,Herbert Jones,Alabama,"Oct 6, 1998",Tuscaloosa,US,AL,New Orleans Pelicans,New Orleans,12.3
56,Naji Marshall,Xavier,"Jan 24, 1998",Atlantic City,US,NJ,New Orleans Pelicans,New Orleans,12.3
57,Willy Hernangomez,Cajasol Sevilla,"May 27, 1994",Madrid,ES,,New Orleans Pelicans,New Orleans,
58,Jaxson Hayes,Texas,"May 23, 2000",Norman,US,OK,New Orleans Pelicans,New Orleans,18.5
59,Gary Clark,Cincinnati,"Nov 16, 1994",Smithfield,US,NC,New Orleans Pelicans,New Orleans,11.4
60,Kira Lewis Jr.,Alabama,"Apr 6, 2001",Meridianville,US,AL,New Orleans Pelicans,New Orleans,9.8
61,Brandon Ingram,Duke,"Sep 2, 1997",Kinston,US,NC,New Orleans Pelicans,New Orleans,18.7
62,Jose Alvarado,Georgia Tech,"Apr 12, 1998",Brooklyn,US,NY,New Orleans Pelicans,New Orleans,16.4
63,Jonas Valanciunas,Lietuvos rytas Vilnius,"May 6, 1992",Utena,LT,,New Orleans Pelicans,New Orleans,
64,Tony Snell,New Mexico,"Nov 10, 1991",Los Angeles,US,CA,New Orleans Pelicans,New Orleans,6.3
65,Larry Nance Jr.,Wyoming,"Jan 1, 1993",Akron,US,OH,New Orleans Pelicans,New Orleans,14.4
66,Trey Murphy III,"Rice University, Virginia","Jun 18, 2000",Durham,US,NC,New Orleans Pelicans,New Orleans,12.5
67,Garrett Temple,LSU,"May 8, 1986",Baton Rouge,US,LA,New Orleans Pelicans,New Orleans,8.6
68,Coby White,UNC,"Feb 16, 2000",Goldsboro,US,NC,Chicago Bulls,Chicago,12.6
69,Lonzo Ball,UCLA,"Oct 27, 1997",Anaheim,US,CA,Chicago Bulls,Chicago,14.5
70,Tristan Thompson,Texas,"Mar 13, 1991",Toronto,CA,,Chicago Bulls,Chicago,14.9
71,Derrick Jones Jr.,UNLV,"Feb 15, 1997",Chester,US,PA,Chicago Bulls,Chicago,13.0
72,Alex Caruso,Texas A&M,"Feb 28, 1994",College Station,US,TX,Chicago Bulls,Chicago,11.7
73,Troy Brown Jr.,Oregon,"Jul 28, 1999",Las Vegas,US,NV,Chicago Bulls,Chicago,10.1
74,Zach LaVine,UCLA,"Mar 10, 1995",Renton,US,WA,Chicago Bulls,Chicago,20.0
75,Nikola Vucevic,USC,"Oct 24, 1990",Morges,CH,,Chicago Bulls,Chicago,
76,DeMar DeRozan,USC,"Aug 7, 1989",Compton,US,CA,Chicago Bulls,Chicago,23.1
77,Ayo Dosunmu,Illinois,"Jan 17, 2000",Chicago,US,IL,Chicago Bulls,Chicago,11.2
78,Tony Bradley,UNC,"Jan 8, 1998",Bartow,US,FL,Chicago Bulls,Chicago,14.9
79,Malcolm Hill,Illinois,"Oct 26, 1995",St. Louis,US,MO,Chicago Bulls,Chicago,12.7
80,Marko Simonovic,Mega Basket,"Oct 15, 1999",Kolašin,ME,,Chicago Bulls,Chicago,10.2
81,Matt Thomas,Iowa State,"Aug 4, 1994",Decatur,US,IL,Chicago Bulls,Chicago,9.9
82,Javonte Green,Radford,"Jul 23, 1993",Petersburg,US,VA,Chicago Bulls,Chicago,14.0
83,Tyler Cook,Iowa,"Sep 23, 1997",St. Louis,US,MO,Chicago Bulls,Chicago,13.0
84,Patrick Williams,Florida State,"Aug 26, 2001",Charlotte,US,NC,Chicago Bulls,Chicago,12.7
85,Sterling Brown,SMU,"Feb 10, 1995",Maywood,US,IL,Dallas Mavericks,Dallas,8.4
86,Theo Pinson,UNC,"Nov 5, 1995",Greensboro,US,NC,Dallas Mavericks,Dallas,11.9
87,Trey Burke,Michigan,"Nov 12, 1992",Columbus,US,OH,Dallas Mavericks,Dallas,10.0
88,Moses Wright,Georgia Tech,"Dec 23, 1998",Raleigh,US,NC,Dallas Mavericks,Dallas,18.3
89,Dwight Powell,Stanford,"Jul 20, 1991",Toronto,CA,,Dallas Mavericks,Dallas,18.1
90,Josh Green,Arizona,"Nov 16, 2000",Sydney,AU,,Dallas Mavericks,Dallas,11.9
91,Dorian Finney-Smith,Florida,"May 4, 1993",Portsmouth,US,VA,Dallas Mavericks,Dallas,12.5
92,Tim Hardaway Jr.,Michigan,"Mar 16, 1992",Orinda,US,CA,Dallas Mavericks,Dallas,12.7
93,Jalen Brunson,Villanova,"Aug 31, 1996",New Brunswick,US,NJ,Dallas Mavericks,Dallas,17.1
94,Frank Ntilikina,Strasbourg IG,"Jul 28, 1998",Ixelles,BE,,Dallas Mavericks,Dallas,10.4
95,Reggie Bullock,UNC,"Mar 16, 1991",Baltimore,US,MD,Dallas Mavericks,Dallas,9.2
96,Spencer Dinwiddie,Colorado,"Apr 6, 1993",Los Angeles,US,CA,Dallas Mavericks,Dallas,15.1
97,Marquese Chriss,Washington,"Jul 2, 1997",Sacramento,US,CA,Dallas Mavericks,Dallas,14.8
98,Maxi Kleber,,"Jan 29, 1992",Wurzburg,DE,,Dallas Mavericks,Dallas,11.0
99,Davis Bertans,Baskonia,"Nov 12, 1992",Valmiera,LV,,Dallas Mavericks,Dallas,
100,Boban Marjanovic,Crvena zvezda,"Aug 15, 1988",Zajecar,RS,,Dallas Mavericks,Dallas,
101,Luka Doncic,,"Feb 28, 1999",Ljubljana,SI,,Dallas Mavericks,Dallas,
102,Markus Howard,Marquette,"Mar 3, 1999",Morristown,US,NJ,Denver Nuggets,Denver,16.1
103,JaMychal Green,Alabama,"Jun 21, 1990",Montgomery,US,AL,Denver Nuggets,Denver,14.1
104,Michael Porter Jr.,Missouri,"Jun 29, 1998",Columbia,US,MO,Denver Nuggets,Denver,7.5
105,Bones Hyland,VCU,"Sep 14, 2000",Wilmington,US,DE,Denver Nuggets,Denver,14.4
106,DeMarcus Cousins,Kentucky,"Aug 13, 1990",Mobile,US,AL,Denver Nuggets,Denver,18.2
107,Will Barton,Memphis,"Jan 6, 1991",Baltimore,US,MD,Denver Nuggets,Denver,13.4
108,Bryn Forbes,Michigan State,"Jul 23, 1993",Lansing,US,MI,Denver Nuggets,Denver,11.5
109,Facundo Campazzo,,"Mar 23, 1991",Córdoba,AR,,Denver Nuggets,Denver,11.1
110,Davon Reed,Miami (FL),"Jun 11, 1995",Princeton,US,NJ,Denver Nuggets,Denver,12.2
111,Monte Morris,Iowa State,"Jun 27, 1995",Grand Rapids,US,MI,Denver Nuggets,Denver,14.7
112,Nikola Jokic,Mega Basket,"Feb 19, 1995",Sombor,RS,,Denver Nuggets,Denver,
113,Zeke Nnaji,Arizona,"Jan 9, 2001",Hopkins,US,MN,Denver Nuggets,Denver,13.5
114,Austin Rivers,Duke,"Aug 1, 1992",Santa Monica,US,CA,Denver Nuggets,Denver,7.2
115,Jamal Murray,Kentucky,"Feb 23, 1997",Kitchener,CA,,Denver Nuggets,Denver,
116,Vlatko Cancar,San Pablo Burgos,"Apr 10, 1997",Koper,SI,,Denver Nuggets,Denver,
117,Jeff Green,Georgetown,"Aug 28, 1986",Cheverly,US,MD,Denver Nuggets,Denver,12.5
118,Aaron Gordon,Arizona,"Sep 16, 1995",San Jose,US,CA,Denver Nuggets,Denver,15.3
119,Jonathan Kuminga,NBA G League Ignite,"Oct 6, 2002",Goma,CD,,Golden State Warriors,Golden State,15.2
120,Gary Payton II,Oregon State,"Dec 1, 1992",Seattle,US,WA,Golden State Warriors,Golden State,17.8
121,Damion Lee,"Drexel, Louisville","Oct 21, 1992",Baltimore,US,MD,Golden State Warriors,Golden State,10.9
122,Chris Chiozza,Florida,"Nov 21, 1995",Memphis,US,TN,Golden State Warriors,Golden State,4.4
123,Jordan Poole,Michigan,"Jun 19, 1999",Milwaukee,US,WI,Golden State Warriors,Golden State,16.1
124,Moses Moody,Arkansas,"May 31, 2002",Little Rock,US,AR,Golden State Warriors,Golden State,10.5
125,Kevon Looney,UCLA,"Feb 6, 1996",Milwaukee,US,WI,Golden State Warriors,Golden State,15.7
126,Nemanja Bjelica,Fenerbahce,"May 9, 1988",Belgrade,RS,,Golden State Warriors,Golden State,14.2
127,Andre Iguodala,Arizona,"Jan 28, 1984",Springfield,US,IL,Golden State Warriors,Golden State,12.3
128,Klay Thompson,Washington State,"Feb 8, 1990",Los Angeles,US,CA,Golden State Warriors,Golden State,16.7
129,Quinndary Weatherspoon,Mississippi State,"Sep 10, 1996",Canton,US,MS,Golden State Warriors,Golden State,12.0
130,Andrew Wiggins,Kansas,"Feb 23, 1995",Toronto,CA,,Golden State Warriors,Golden State,15.0
131,Draymond Green,Michigan State,"Mar 4, 1990",Saginaw,US,MI,Golden State Warriors,Golden State,14.3
132,Stephen Curry,Davidson,"Mar 14, 1988",Akron,US,OH,Golden State Warriors,Golden State,21.4
133,Otto Porter Jr.,Georgetown,"Jun 3, 1993",St. Louis,US,MO,Golden State Warriors,Golden State,15.9
134,James Wiseman,Memphis,"Mar 31, 2001",Nashville,US,TN,Golden State Warriors,Golden State,
135,Juan Toscano-Anderson,Marquette,"Apr 10, 1993",Oakland,US,CA,Golden State Warriors,Golden State,11.0
136,Jalen Green,NBA G League Ignite,"Feb 9, 2002",Merced,US,CA,Houston Rockets,Houston,12.5
137,John Wall,Kentucky,"Sep 6, 1990",Raleigh,US,NC,Houston Rockets,Houston,
138,David Nwaba,Cal Poly,"Jan 14, 1993",Los Angeles,US,CA,Houston Rockets,Houston,15.3
139,Kevin Porter Jr.,USC,"May 4, 2000",Seattle,US,WA,Houston Rockets,Houston,13.5
140,Kenyon Martin Jr.,IMG Academy (FL),"Jan 6, 2001",Gardena,US,CA,Houston Rockets,Houston,14.3
141,Jae'Sean Tate,Ohio State,"Oct 28, 1995",Toledo,US,OH,Houston Rockets,Houston,14.3
142,Josh Christopher,Arizona State,"Dec 8, 2001",Carson,US,CA,Houston Rockets,Houston,12.2
143,Eric Gordon,Indiana,"Dec 25, 1988",Indianapolis,US,IN,Houston Rockets,Houston,12.1
144,Daishen Nix,,"Feb 13, 2002",Anchorage,US,AK,Houston Rockets,Houston,8.1
145,Usman Garuba,,"Mar 9, 2002",Azuqueca de Henares,ES,,Houston Rockets,Houston,12.9
146,Dennis Schroder,Braunschweig,"Sep 15, 1993",Braunschweig,DE,,Houston Rockets,Houston,
147,Bruno Fernando,Maryland,"Aug 15, 1998",Luanda,AO,,Houston Rockets,Houston,21.2
148,Trevelin Queen,"College of Marin, New Mexico Military Institute, New Mexico State","Feb 25, 1997",Baltimore,US,MD,Houston Rockets,Houston,18.2
149,Garrison Mathews,Lipscomb,"Oct 24, 1996",Franklin,US,TN,Houston Rockets,Houston,11.0
150,Alperen Sengun,Besiktas,"Jul 25, 2002",Giresun,TR,,Houston Rockets,Houston,
151,Anthony Lamb,University of Vermont,"Jan 20, 1998",Rochester,US,NY,Houston Rockets,Houston,-0.5
152,Christian Wood,UNLV,"Sep 27, 1995",Long Beach,US,CA,Houston Rockets,Houston,19.1
153,Jay Scrubb,John A. Logan College,"Sep 1, 2000",Louisville,US,KY,Los Angeles Clippers,Los Angeles,9.3
154,Reggie Jackson,Boston College,"Apr 16, 1990",Pordenone,IT,,Los Angeles Clippers,Los Angeles,12.1
155,Kawhi Leonard,San Diego State,"Jun 29, 1991",Los Angeles,US,CA,Los Angeles Clippers,Los Angeles,
156,Brandon Boston,Kentucky,,,USA,,Los Angeles Clippers,Los Angeles,
157,Luke Kennard,Duke,"Jun 24, 1996",Middletown,US,OH,Los Angeles Clippers,Los Angeles,13.3
158,Amir Coffey,Minnesota,"Jun 17, 1997",Hopkins,US,MN,Los Angeles Clippers,Los Angeles,13.0
159,Marcus Morris Sr.,Kansas,,,USA,,Los Angeles Clippers,Los Angeles,
160,Paul George,Fresno State,"May 2, 1990",Palmdale,US,CA,Los Angeles Clippers,Los Angeles,18.6
161,Terance Mann,Florida State,"Oct 18, 1996",Brooklyn,US,NY,Los Angeles Clippers,Los Angeles,13.4
162,Xavier Moon,"Northwest Florida State College, Morehead State University","Jan 2, 1995",Goodwater,US,AL,Los Angeles Clippers,Los Angeles,16.2
163,Jason Preston,Ohio University,"Aug 10, 1999",Orlando,US,FL,Los Angeles Clippers,Los Angeles,
164,Rodney Hood,"Mississippi State, Duke","Oct 20, 1992",Meridian,US,MS,Los Angeles Clippers,Los Angeles,7.2
165,Robert Covington,Tennessee State,"Dec 14, 1990",Bellwood,US,IL,Los Angeles Clippers,Los Angeles,12.4
166,Norman Powell,UCLA,"May 25, 1993",San Diego,US,CA,Los Angeles Clippers,Los Angeles,16.3
167,Nicolas Batum,,"Dec 14, 1988",Lisieux,FR,,Los Angeles Clippers,Los Angeles,13.5
168,Ivica Zubac,Mega Basket,"Mar 18, 1997",Mostar,BA,,Los Angeles Clippers,Los Angeles,19.2
169,Isaiah Hartenstein,Zalgiris,"May 5, 1998",Eugene,US,OR,Los Angeles Clippers,Los Angeles,22.0
170,Russell Westbrook,UCLA,"Nov 12, 1988",Long Beach,US,CA,Los Angeles Lakers,Los Angeles,15.0
171,Wayne Ellington,UNC,"Nov 29, 1987",Wynnewood,US,PA,Los Angeles Lakers,Los Angeles,9.9
172,Anthony Davis,Kentucky,"Mar 11, 1993",Chicago,US,IL,Los Angeles Lakers,Los Angeles,23.9
173,D.J. Augustin,Texas,"Nov 10, 1987",New Orleans,US,LA,Los Angeles Lakers,Los Angeles,9.7
174,Talen Horton-Tucker,Iowa State,"Nov 25, 2000",Chicago,US,IL,Los Angeles Lakers,Los Angeles,11.0
175,LeBron James,,"Dec 30, 1984",Akron,US,OH,Los Angeles Lakers,Los Angeles,26.2
176,Carmelo Anthony,Syracuse,"May 29, 1984",Brooklyn,US,NY,Los Angeles Lakers,Los Angeles,14.8
177,Kent Bazemore,Old Dominion,"Jul 1, 1989",Kelford,US,NC,Los Angeles Lakers,Los Angeles,6.0
178,Malik Monk,Kentucky,"Feb 4, 1998",Jonesboro,US,AR,Los Angeles Lakers,Los Angeles,14.4
179,Kendrick Nunn,"Illinois, Oakland","Aug 3, 1995",Chicago,US,IL,Los Angeles Lakers,Los Angeles,
180,Stanley Johnson,Arizona,"May 29, 1996",Los Angeles,US,CA,Los Angeles Lakers,Los Angeles,10.5
181,Austin Reaves,"Wichita State, Oklahoma","May 29, 1998",Newark,US,AR,Los Angeles Lakers,Los Angeles,11.5
182,Avery Bradley,Texas,"Nov 26, 1990",Tacoma,US,WA,Los Angeles Lakers,Los Angeles,7.8
183,Wenyen Gabriel,Kentucky,"Mar 26, 1997",Khartoum,SD,,Los Angeles Lakers,Los Angeles,12.5
184,Mac McClung,"Georgetown, Texas Tech","Jan 6, 1999",Gate City,US,VA,Los Angeles Lakers,Los Angeles,5.2
185,Dwight Howard,SW Atlanta Christian Academy (GA),"Dec 8, 1985",Atlanta,US,GA,Los Angeles Lakers,Los Angeles,18.2
186,Mason Jones,"Connors State College, Arkansas","Jul 21, 1998",Dallas,US,TX,Los Angeles Lakers,Los Angeles,17.8
187,Gabe Vincent,UC Santa Barbara,"Jun 14, 1996",Modesto,US,CA,Miami Heat,Miami,10.6
188,Victor Oladipo,Indiana,"May 4, 1992",Silver Spring,US,MD,Miami Heat,Miami,16.8
189,Kyle Lowry,Villanova,"Mar 25, 1986",Philadelphia,US,PA,Miami Heat,Miami,15.0
190,Markieff Morris,Kansas,"Sep 2, 1989",Philadelphia,US,PA,Miami Heat,Miami,10.9
191,Mychal Mulder,"Vincennes University, Kentucky","Jun 12, 1994",Etobicoke,CA,,Miami Heat,Miami,3.7
192,Bam Adebayo,Kentucky,"Jul 18, 1997",Newark,US,NJ,Miami Heat,Miami,21.8
193,Tyler Herro,Kentucky,"Jan 20, 2000",Milwaukee,US,WI,Miami Heat,Miami,16.2
194,Javonte Smart,LSU,"Jun 3, 1999",Baton Rouge,US,LA,Miami Heat,Miami,5.1
195,Caleb Martin,"NC State, Nevada","Sep 28, 1995",Winston-Salem,US,NC,Miami Heat,Miami,14.8
196,P.J. Tucker,Texas,"May 5, 1985",Raleigh,US,NC,Miami Heat,Miami,11.3
197,Dewayne Dedmon,USC,"Aug 12, 1989",Lancaster,US,CA,Miami Heat,Miami,15.9
198,Jimmy Butler,Marquette,"Sep 14, 1989",Houston,US,TX,Miami Heat,Miami,23.6
199,Haywood Highsmith,Wheeling University,"Dec 9, 1996",Baltimore,US,MD,Miami Heat,Miami,7.0
200,Max Strus,"Lewis (IL), DePaul","Mar 28, 1996",Hickory Hills,US,IL,Miami Heat,Miami,12.7
201,Udonis Haslem,Florida,"Jun 9, 1980",Miami,US,FL,Miami Heat,Miami,8.6
202,Duncan Robinson,"Williams, Michigan","Apr 22, 1994",York,US,ME,Miami Heat,Miami,10.6
203,Omer Yurtseven,"NC State, Georgetown","Jun 19, 1998",Istanbul,TR,,Miami Heat,Miami,17.4
204,George Hill,IUPUI,"May 4, 1986",Indianapolis,US,IN,Milwaukee Bucks,Milwaukee,10.2
205,Jevon Carter,West Virginia,"Sep 14, 1995",Maywood,US,IL,Milwaukee Bucks,Milwaukee,9.6
206,Luca Vildoza,                                   ,,,Argentina,,Milwaukee Bucks,Milwaukee,
207,Grayson Allen,Duke,"Oct 8, 1995",Jacksonville,US,FL,Milwaukee Bucks,Milwaukee,12.7
208,Bobby Portis,Arkansas,"Feb 10, 1995",Little Rock,US,AR,Milwaukee Bucks,Milwaukee,17.7
209,Brook Lopez,Stanford,"Apr 1, 1988",North Hollywood,US,CA,Milwaukee Bucks,Milwaukee,16.0
210,Jordan Nwora,Louisville,"Sep 9, 1998",Buffalo,US,NY,Milwaukee Bucks,Milwaukee,9.9
211,Jrue Holiday,UCLA,"Jun 12, 1990",Chatsworth,US,CA,Milwaukee Bucks,Milwaukee,19.8
212,Khris Middleton,Texas A&M,"Aug 12, 1991",Charleston,US,SC,Milwaukee Bucks,Milwaukee,18.1
213,Wesley Matthews,Marquette,"Oct 14, 1986",San Antonio,US,TX,Milwaukee Bucks,Milwaukee,6.9
214,Pat Connaughton,Notre Dame,"Jan 6, 1993",Arlington,US,MA,Milwaukee Bucks,Milwaukee,13.4
215,Serge Ibaka,,"Sep 18, 1989",Brazzaville,CG,,Milwaukee Bucks,Milwaukee,14.4
216,Lindell Wigginton,Iowa State,"Mar 28, 1998",Halifax,CA,,Milwaukee Bucks,Milwaukee,10.2
217,Giannis Antetokounmpo,Filathlitikos,"Dec 6, 1994",Athens,GR,,Milwaukee Bucks,Milwaukee,32.1
218,Thanasis Antetokounmpo,Panathinaikos,"Jul 18, 1992",Athens,GR,,Milwaukee Bucks,Milwaukee,12.5
219,Sandro Mamukelashvili,Seton Hall,"May 23, 1999",New York,US,NY,Milwaukee Bucks,Milwaukee,14.7
220,Rayjon Tucker,"Florida Gulf Coast, Little Rock","Sep 24, 1997",Charlotte,US,NC,Milwaukee Bucks,Milwaukee,17.7
221,D'Angelo Russell,Ohio State,"Feb 23, 1996",Louisville,US,KY,Minnesota Timberwolves,Minnesota,16.3
222,Anthony Edwards,Georgia,"Aug 5, 2001",Atlanta,US,GA,Minnesota Timberwolves,Minnesota,16.5
223,Jaden McDaniels,Washington,"Sep 29, 2000",Federal Way,US,WA,Minnesota Timberwolves,Minnesota,10.3
224,Jaylen Nowell,Washington,"Jul 9, 1999",Seattle,US,WA,Minnesota Timberwolves,Minnesota,16.8
225,Malik Beasley,Florida State,"Nov 26, 1996",Atlanta,US,GA,Minnesota Timberwolves,Minnesota,11.9
226,Jordan McLaughlin,USC,"Apr 9, 1996",Etiwanda,US,CA,Minnesota Timberwolves,Minnesota,13.4
227,Jarred Vanderbilt,Kentucky,"Apr 3, 1999",Houston,US,TX,Minnesota Timberwolves,Minnesota,15.3
228,Leandro Bolmaro,FC Barcelona,"Sep 11, 2000",Las Varillas,AR,,Minnesota Timberwolves,Minnesota,5.4
229,Jake Layman,Maryland,"Mar 7, 1994",Norwood,US,MA,Minnesota Timberwolves,Minnesota,9.0
230,Naz Reid,LSU,"Aug 26, 1999",Asbury Park,US,NJ,Minnesota Timberwolves,Minnesota,17.2
231,Taurean Prince,Baylor,"Mar 22, 1994",San Marcos,US,TX,Minnesota Timberwolves,Minnesota,12.4
232,Nathan Knight,William & Mary,"Sep 20, 1997",Syracuse,US,NY,Minnesota Timberwolves,Minnesota,18.7
233,Greg Monroe,Georgetown,"Jun 4, 1990",New Orleans,US,LA,Minnesota Timberwolves,Minnesota,19.5
234,Josh Okogie,Georgia Tech,"Sep 1, 1998",Lagos,NG,,Minnesota Timberwolves,Minnesota,9.0
235,Patrick Beverley,Arkansas,"Jul 12, 1988",Chicago,US,IL,Minnesota Timberwolves,Minnesota,14.8
236,McKinley Wright IV,Colorado,"Oct 25, 1998",North Robbinsdale,US,MN,Minnesota Timberwolves,Minnesota,9.5
237,Karl-Anthony Towns,Kentucky,"Nov 15, 1995",Edison,US,NJ,Minnesota Timberwolves,Minnesota,24.1
238,Andre Drummond,UConn,"Aug 10, 1993",Mount Vernon,US,NY,Brooklyn Nets,Brooklyn,21.0
239,Bruce Brown,Miami (FL),"Aug 15, 1996",Boston,US,MA,Brooklyn Nets,Brooklyn,15.0
240,Blake Griffin,Oklahoma,"Mar 16, 1989",Oklahoma City,US,OK,Brooklyn Nets,Brooklyn,13.7
241,David Duke Jr.,Providence,"Oct 13, 1999",Providence,US,RI,Brooklyn Nets,Brooklyn,10.0
242,Kevin Durant,Texas,"Sep 29, 1988",Washington,US,DC,Brooklyn Nets,Brooklyn,25.6
243,Patty Mills,Saint Mary's,"Aug 11, 1988",Canberra,AU,,Brooklyn Nets,Brooklyn,10.4
244,Goran Dragic,Union Olimpija,"May 6, 1986",Ljubljana,SI,,Brooklyn Nets,Brooklyn,
245,Ben Simmons,LSU,"Jul 20, 1996",Melbourne,AU,,Brooklyn Nets,Brooklyn,
246,Kyrie Irving,Duke,"Mar 23, 1992",Melbourne,AU,,Brooklyn Nets,Brooklyn,21.4
247,Joe Harris,Virginia,"Sep 6, 1991",Chelan,US,WA,Brooklyn Nets,Brooklyn,9.6
248,Kessler Edwards,Pepperdine,"Aug 9, 2000",Glendale,US,CA,Brooklyn Nets,Brooklyn,8.3
249,Day'Ron Sharpe,UNC,"Nov 6, 2001",Greenville,US,NC,Brooklyn Nets,Brooklyn,20.7
250,LaMarcus Aldridge,Texas,"Jul 19, 1985",Dallas,US,TX,Brooklyn Nets,Brooklyn,19.6
251,Cam Thomas,LSU,"Oct 13, 2001",Yokosuka,JP,,Brooklyn Nets,Brooklyn,11.7
252,Seth Curry,"Liberty, Duke","Aug 23, 1990",Charlotte,US,NC,Brooklyn Nets,Brooklyn,13.7
253,Nic Claxton,Georgia,"Apr 17, 1999",Greenville,US,SC,Brooklyn Nets,Brooklyn,18.6
254,Obi Toppin,Dayton,"Mar 4, 1998",Brooklyn,US,NY,New York Knicks,New York,18.3
255,Miles McBride,West Virginia,"Sep 8, 2000",Cincinnati,US,OH,New York Knicks,New York,6.1
256,Nerlens Noel,Kentucky,"Apr 10, 1994",Malden,US,MA,New York Knicks,New York,11.8
257,Derrick Rose,Memphis,"Oct 4, 1988",Chicago,US,IL,New York Knicks,New York,16.9
258,Immanuel Quickley,Kentucky,"Jun 17, 1999",Havre de Grace,US,MD,New York Knicks,New York,14.6
259,Quentin Grimes,"Kansas, Houston","May 8, 2000",Houston,US,TX,New York Knicks,New York,10.7
260,Kemba Walker,UConn,"May 8, 1990",The Bronx,US,NY,New York Knicks,New York,13.9
261,RJ Barrett,Duke,"Jun 14, 2000",Toronto,CA,,New York Knicks,New York,13.7
262,Feron Hunt,SMU,"Jul 5, 1999",DeSoto,US,TX,New York Knicks,New York,-3.0
263,Evan Fournier,Poitiers Basket 86,"Oct 29, 1992",Saint-Maurice,FR,,New York Knicks,New York,12.3
264,Alec Burks,Colorado,"Jul 20, 1991",Grandview,US,MO,New York Knicks,New York,13.7
265,Cam Reddish,Duke,"Sep 1, 1999",Norristown,US,PA,New York Knicks,New York,12.8
266,Mitchell Robinson,Western Kentucky,"Apr 1, 1998",Pensacola,US,FL,New York Knicks,New York,20.7
267,Julius Randle,Kentucky,"Nov 29, 1994",Dallas,US,TX,New York Knicks,New York,15.7
268,Jericho Sims,Texas,"Oct 20, 1998",Minneapolis,US,MN,New York Knicks,New York,11.6
269,Ryan Arcidiacono,Villanova,"Mar 26, 1994",Philadelphia,US,PA,New York Knicks,New York,6.1
270,Taj Gibson,USC,"Jun 24, 1985",Brooklyn,US,NY,New York Knicks,New York,12.0
271,Jonathan Isaac,Florida State,"Oct 3, 1997",The Bronx,US,NY,Orlando Magic,Orlando,
272,Chuma Okeke,Auburn,"Aug 18, 1998",Atlanta,US,GA,Orlando Magic,Orlando,12.0
273,Jalen Suggs,Gonzaga,"Jun 3, 2001",St. Paul,US,MN,Orlando Magic,Orlando,8.6
274,Mo Bamba,Texas,"May 12, 1998",Harlem,US,NY,Orlando Magic,Orlando,16.5
275,Bol Bol,Oregon,"Nov 16, 1999",Khartoum,SD,,Orlando Magic,Orlando,13.5
276,R.J. Hampton,New Zealand Breakers,"Feb 7, 2001",Dallas,US,TX,Orlando Magic,Orlando,8.5
277,Gary Harris,Michigan State,"Sep 14, 1994",Fishers,US,IN,Orlando Magic,Orlando,10.9
278,Ignas Brazdeikis,Michigan,"Jan 8, 1999",Kaunas,LT,,Orlando Magic,Orlando,10.2
279,Markelle Fultz,Washington,"May 29, 1998",Upper Marlboro,US,MD,Orlando Magic,Orlando,17.7
280,Moritz Wagner,Michigan,"Apr 26, 1997",Berlin,DE,,Orlando Magic,Orlando,18.1
281,Franz Wagner,Michigan,"Aug 27, 2001",Berlin,DE,,Orlando Magic,Orlando,14.7
282,Admiral Schofield,Tennessee,"Mar 30, 1997",London,GB,,Orlando Magic,Orlando,7.5
283,Devin Cannady,Princeton,"May 21, 1996",Mishawaka,US,IN,Orlando Magic,Orlando,8.6
284,Terrence Ross,Washington,"Feb 5, 1991",Portland,US,OR,Orlando Magic,Orlando,10.0
285,Robin Lopez,Stanford,"Apr 1, 1988",North Hollywood,US,CA,Orlando Magic,Orlando,13.7
286,Wendell Carter Jr.,Duke,"Apr 16, 1999",Atlanta,US,GA,Orlando Magic,Orlando,18.4
287,Cole Anthony,UNC,"May 15, 2000",Portland,US,OR,Orlando Magic,Orlando,13.5
288,Gabe York,Arizona,"Aug 2, 1993",West Covina,US,CA,Indiana Pacers,Indiana,12.7
289,Tyrese Haliburton,Iowa State,"Feb 29, 2000",Oshkosh,US,WI,Indiana Pacers,Indiana,18.2
290,T.J. Warren,NC State,"Sep 5, 1993",Durham,US,NC,Indiana Pacers,Indiana,
291,Chris Duarte,Oregon,"Jun 13, 1997",Montreal,CA,,Indiana Pacers,Indiana,12.3
292,Duane Washington Jr.,Ohio State,"Mar 24, 2000",Frankfurt,DE,,Indiana Pacers,Indiana,10.2
293,Lance Stephenson,Cincinnati,"Sep 5, 1990",Brooklyn,US,NY,Indiana Pacers,Indiana,13.6
294,Malcolm Brogdon,Virginia,"Dec 11, 1992",Atlanta,US,GA,Indiana Pacers,Indiana,18.0
295,T.J. McConnell,"Duquesne, Arizona","Mar 25, 1992",Pittsburgh,US,PA,Indiana Pacers,Indiana,15.1
296,Oshae Brissett,Syracuse,"Jun 20, 1998",Toronto,CA,,Indiana Pacers,Indiana,12.9
297,Nate Hinton,Houston,"Jun 8, 1999",Gastonia,US,NC,Indiana Pacers,Indiana,-45.2
298,Isaiah Jackson,Kentucky,"Jan 10, 2002",Pontiac,US,MI,Indiana Pacers,Indiana,20.5
299,Buddy Hield,Oklahoma,"Dec 17, 1992",Freeport,BS,,Indiana Pacers,Indiana,12.9
300,Jalen Smith,Maryland,"Mar 16, 2000",Portsmouth,US,VA,Indiana Pacers,Indiana,18.4
301,Terry Taylor,Austin Peay State University,"Sep 23, 1999",Bowling Green,US,KY,Indiana Pacers,Indiana,19.0
302,Myles Turner,Texas,"Mar 24, 1996",Bedford,US,TX,Indiana Pacers,Indiana,17.4
303,Goga Bitadze,Mega Basket,"Jul 20, 1999",Sagarejo,GE,,Indiana Pacers,Indiana,18.0
304,Ricky Rubio,FC Barcelona,"Oct 21, 1990",El Masnou,ES,,Indiana Pacers,Indiana,14.0
305,Tyrese Maxey,Kentucky,"Nov 4, 2000",Dallas,US,TX,Philadelphia 76ers,Philadelphia,16.2
306,James Harden,Arizona State,"Aug 26, 1989",Los Angeles,US,CA,Philadelphia 76ers,Philadelphia,20.9
307,Myles Powell,Seton Hall,"Jul 7, 1997",Trenton,US,NJ,Philadelphia 76ers,Philadelphia,0.2
308,Isaiah Joe,Arkansas,"Jul 2, 1999",Fort Smith,US,AR,Philadelphia 76ers,Philadelphia,7.7
309,Paul Millsap,Louisiana Tech,"Feb 10, 1985",Monroe,US,LA,Philadelphia 76ers,Philadelphia,10.8
310,DeAndre Jordan,Texas A&M,"Jul 21, 1988",Houston,US,TX,Philadelphia 76ers,Philadelphia,17.2
311,Jaden Springer,Tennessee,"Sep 25, 2002",Charlotte,US,NC,Philadelphia 76ers,Philadelphia,26.4
312,Tobias Harris,Tennessee,"Jul 15, 1992",Islip,US,NY,Philadelphia 76ers,Philadelphia,15.9
313,Danny Green,UNC,"Jun 22, 1987",North Babylon,US,NY,Philadelphia 76ers,Philadelphia,9.5
314,Charlie Brown Jr.,Saint Joseph's,"Feb 2, 1997",Philadelphia,US,PA,Philadelphia 76ers,Philadelphia,6.5
315,Shake Milton,SMU,"Sep 26, 1996",Owasso,US,OK,Philadelphia 76ers,Philadelphia,11.9
316,Georges Niang,Iowa State,"Jun 17, 1993",Lawrence,US,MA,Philadelphia 76ers,Philadelphia,10.7
317,Joel Embiid,Kansas,"Mar 16, 1994",Yaounde,CM,,Philadelphia 76ers,Philadelphia,31.2
318,Matisse Thybulle,Washington,"Mar 4, 1997",Scottsdale,US,AZ,Philadelphia 76ers,Philadelphia,11.2
319,Charles Bassey,Western Kentucky,"Oct 28, 2000",Lagos,NG,,Philadelphia 76ers,Philadelphia,21.5
320,Furkan Korkmaz,Anadolu Efes,"Jul 24, 1997",Istanbul,TR,,Philadelphia 76ers,Philadelphia,10.2
321,Paul Reed,DePaul,"Jun 14, 1999",Orlando,US,FL,Philadelphia 76ers,Philadelphia,21.4
322,JaVale McGee,Nevada,"Jan 19, 1988",Flint,US,MI,Phoenix Suns,Phoenix,22.6
323,Torrey Craig,USC Upstate,"Dec 19, 1990",Columbia,US,SC,Phoenix Suns,Phoenix,11.0
324,Devin Booker,Kentucky,"Oct 30, 1996",Grand Rapids,US,MI,Phoenix Suns,Phoenix,21.3
325,Elfrid Payton,Louisiana,"Feb 22, 1994",Gretna,US,LA,Phoenix Suns,Phoenix,7.9
326,Chris Paul,Wake Forest,"May 6, 1985",Winston-Salem,US,NC,Phoenix Suns,Phoenix,20.8
327,Aaron Holiday,UCLA,"Sep 30, 1996",Ruston,US,LA,Phoenix Suns,Phoenix,12.6
328,Ish Wainright,Baylor,"Sep 12, 1994",Kansas City,US,MO,Phoenix Suns,Phoenix,9.4
329,Landry Shamet,Wichita State,"Mar 13, 1997",Kansas City,US,MO,Phoenix Suns,Phoenix,10.2
330,Cameron Payne,Murray State,"Aug 8, 1994",Memphis,US,TN,Phoenix Suns,Phoenix,13.8
331,Bismack Biyombo,Baloncesto Fuenlabrada,"Aug 28, 1992",Lubumbashi,CD,,Phoenix Suns,Phoenix,17.3
332,Gabriel Lundberg,CSKA Moscow,"Dec 4, 1994",Copenhagen,DK,,Phoenix Suns,Phoenix,7.7
333,Dario Saric,Anadolu Efes,"Apr 8, 1994",Sibenik,HR,,Phoenix Suns,Phoenix,
334,Deandre Ayton,Arizona,"Jul 23, 1998",Nassau,BS,,Phoenix Suns,Phoenix,21.9
335,Cameron Johnson,"Pitt, UNC","Mar 3, 1996",Moon Township,US,PA,Phoenix Suns,Phoenix,15.2
336,Mikal Bridges,Villanova,"Aug 30, 1996",Philadelphia,US,PA,Phoenix Suns,Phoenix,14.4
337,Jae Crowder,Marquette,"Jul 6, 1990",Villa Rica,US,GA,Phoenix Suns,Phoenix,11.3
338,Damian Lillard,Weber State,"Jul 15, 1990",Oakland,US,CA,Portland Trail Blazers,Portland,18.5
339,Joe Ingles,,"Oct 2, 1987",Adelaide,AU,,Portland Trail Blazers,Portland,10.0
340,Anfernee Simons,Edgewater HS (FL),"Jun 8, 1999",Longwood,US,FL,Portland Trail Blazers,Portland,15.3
341,Trendon Watford,LSU,"Nov 9, 2000",Birmingham,US,AL,Portland Trail Blazers,Portland,15.8
342,Greg Brown III,Texas,"Sep 1, 2001",Dallas,US,TX,Portland Trail Blazers,Portland,11.0
343,Eric Bledsoe,Kentucky,"Dec 9, 1989",Birmingham,US,AL,Portland Trail Blazers,Portland,12.5
344,Keon Johnson,Tennessee,"Mar 10, 2002",Shelbyville,US,TN,Portland Trail Blazers,Portland,8.7
345,Brandon Williams,Davidson,"Nov 22, 1999",Los Angeles,US,CA,Portland Trail Blazers,Portland,11.0
346,Brandon Williams,Davidson,"Feb 27, 1975",Collinston,US,LA,Portland Trail Blazers,Portland,11.0
347,Brandon Williams,Arizona,"Nov 22, 1999",Los Angeles,US,CA,Portland Trail Blazers,Portland,11.0
348,Brandon Williams,Arizona,"Feb 27, 1975",Collinston,US,LA,Portland Trail Blazers,Portland,11.0
349,Nassir Little,UNC,"Feb 11, 2000",Pensacola,US,FL,Portland Trail Blazers,Portland,13.5
350,Josh Hart,Villanova,"Mar 6, 1995",Silver Spring,US,MD,Portland Trail Blazers,Portland,16.1
351,CJ Elleby,Washington State,"Jun 16, 2000",Federal Way,US,WA,Portland Trail Blazers,Portland,9.2
352,Elijah Hughes,"Syracuse, East Carolina University","Mar 10, 1998",Poughkeepsie,US,NY,Portland Trail Blazers,Portland,5.4
353,Keljin Blevins,"Southern Miss, Montana State","Nov 24, 1995",Hot Springs,US,AR,Portland Trail Blazers,Portland,4.8
354,Ben McLemore,Kansas,"Feb 11, 1993",St. Louis,US,MO,Portland Trail Blazers,Portland,11.7
355,Justise Winslow,Duke,"Mar 26, 1996",Houston,US,TX,Portland Trail Blazers,Portland,13.1
356,Jusuf Nurkic,Cedevita,"Aug 23, 1994",Tuzla,BA,,Portland Trail Blazers,Portland,
357,Didi Louzada,Sydney Kings,"Feb 7, 1999",Cachoeiro de Itapemirim,BR,,Portland Trail Blazers,Portland,6.4
358,Donte DiVincenzo,Villanova,"Jan 31, 1997",Newark,US,DE,Sacramento Kings,Sacramento,11.3
359,Terence Davis,Ole Miss,"May 16, 1997",Southaven,US,MS,Sacramento Kings,Sacramento,14.6
360,De'Aaron Fox,Kentucky,"Dec 20, 1997",New Orleans,US,LA,Sacramento Kings,Sacramento,17.4
361,Chimezie Metu,USC,"Mar 22, 1997",Los Angeles,US,CA,Sacramento Kings,Sacramento,13.4
362,Maurice Harkless,St. John's,"May 11, 1993",Queens,US,NY,Sacramento Kings,Sacramento,7.7
363,Justin Holiday,Washington,"Apr 5, 1989",Mission Hills,US,CA,Sacramento Kings,Sacramento,9.5
364,Domantas Sabonis,Gonzaga,"May 3, 1996",Portland,US,OR,Sacramento Kings,Sacramento,21.9
365,Davion Mitchell,"Auburn, Baylor","Sep 5, 1998",Hinesville,US,GA,Sacramento Kings,Sacramento,10.8
366,Richaun Holmes,Bowling Green,"Oct 15, 1993",Lockport,US,IL,Sacramento Kings,Sacramento,17.8
367,Alex Len,Maryland,"Jun 16, 1993",Antratsit,UA,,Sacramento Kings,Sacramento,13.1
368,Jeremy Lamb,UConn,"May 30, 1992",Henrico,US,VA,Sacramento Kings,Sacramento,13.3
369,Damian Jones,Vanderbilt,"Jun 30, 1995",Baton Rouge,US,LA,Sacramento Kings,Sacramento,18.3
370,Harrison Barnes,UNC,"May 30, 1992",Ames,US,IA,Sacramento Kings,Sacramento,15.7
371,Trey Lyles,Kentucky,"Nov 5, 1995",Saskatoon,CA,,Sacramento Kings,Sacramento,16.4
372,Josh Jackson,Kansas,"Feb 10, 1997",San Diego,US,CA,Sacramento Kings,Sacramento,9.5
373,Neemias Queta,Utah State University,"Jul 13, 1999",Lisbon,PT,,Sacramento Kings,Sacramento,12.7
374,Lonnie Walker IV,Miami (FL),"Dec 14, 1998",Reading,US,PA,San Antonio Spurs,San Antonio,12.3
375,Keldon Johnson,Kentucky,"Oct 11, 1999",Chesterfield,US,VA,San Antonio Spurs,San Antonio,15.2
376,Dejounte Murray,Washington,"Sep 19, 1996",Seattle,US,WA,San Antonio Spurs,San Antonio,22.3
377,Josh Richardson,Tennessee,"Sep 15, 1993",Edmond,US,OK,San Antonio Spurs,San Antonio,12.8
378,Joshua Primo,Alabama,"Dec 24, 2002",Mississauga,CA,,San Antonio Spurs,San Antonio,7.1
379,Joe Wieskamp,Iowa,"Aug 23, 1999",Muscatine,US,IA,San Antonio Spurs,San Antonio,7.1
380,Doug McDermott,Creighton,"Jan 3, 1992",Grand Forks,US,ND,San Antonio Spurs,San Antonio,11.4
381,Devontae Cacok,UNC Wilmington,"Oct 8, 1996",Chicago,US,IL,San Antonio Spurs,San Antonio,20.2
382,DJ Stewart,Mississippi State,,,USA,,San Antonio Spurs,San Antonio,
383,Zach Collins,Gonzaga,"Nov 19, 1997",Las Vegas,US,NV,San Antonio Spurs,San Antonio,16.4
384,Devin Vassell,Florida State,"Aug 23, 2000",Lawrenceville,US,GA,San Antonio Spurs,San Antonio,13.3
385,Jakob Poeltl,Utah,"Oct 15, 1995",Vienna,AT,,San Antonio Spurs,San Antonio,20.8
386,Robert Woodard II,Mississippi State,"Sep 22, 1999",Starkville,US,MS,San Antonio Spurs,San Antonio,2.1
387,Keita Bates-Diop,Ohio State,"Jan 23, 1996",Bloomington,US,IL,San Antonio Spurs,San Antonio,12.4
388,Tre Jones,Duke,"Jan 8, 2000",Apple Valley,US,MN,San Antonio Spurs,San Antonio,15.0
389,Jock Landale,Saint Mary's,"Oct 25, 1995",E Malvern,AU,,San Antonio Spurs,San Antonio,16.0
390,Romeo Langford,Indiana,"Oct 25, 1999",New Albany,US,IN,San Antonio Spurs,San Antonio,9.2
391,Shai Gilgeous-Alexander,Kentucky,"Jul 12, 1998",Toronto,CA,,Oklahoma City Thunder,Oklahoma City,20.9
392,Josh Giddey,,"Oct 10, 2002",Melbourne,AU,,Oklahoma City Thunder,Oklahoma City,13.3
393,Luguentz Dort,Arizona State,"Apr 19, 1999",Montreal,CA,,Oklahoma City Thunder,Oklahoma City,12.3
394,Melvin Frazier Jr.,Tulane,,,USA,,Oklahoma City Thunder,Oklahoma City,
395,Darius Bazley,Princeton HS (OH),"Jun 12, 2000",Boston,US,MA,Oklahoma City Thunder,Oklahoma City,12.6
396,Theo Maledon,Asvel,"Jun 12, 2001",Rouen,FR,,Oklahoma City Thunder,Oklahoma City,
397,Lindy Waters III,Oklahoma State,"Jul 28, 1997",Norman,US,OK,Oklahoma City Thunder,Oklahoma City,13.0
398,Derrick Favors,Georgia Tech,"Jul 15, 1991",Atlanta,US,GA,Oklahoma City Thunder,Oklahoma City,13.6
399,Ty Jerome,Virginia,"Jul 8, 1997",New York,US,NY,Oklahoma City Thunder,Oklahoma City,11.3
400,Aleksej Pokusevski,Olympiacos,"Dec 26, 2001",Belgrade,RS,,Oklahoma City Thunder,Oklahoma City,12.0
401,Aaron Wiggins,Maryland,"Jan 2, 1999",Greensboro,US,NC,Oklahoma City Thunder,Oklahoma City,10.3
402,Isaiah Roby,Nebraska,"Feb 3, 1998",Dixon,US,IL,Oklahoma City Thunder,Oklahoma City,18.3
403,Tre Mann,Florida,"Feb 3, 2001",Gainesville,US,FL,Oklahoma City Thunder,Oklahoma City,10.2
404,Vit Krejci,Zaragoza,"Jun 19, 2000",Strakonice,CZ,,Oklahoma City Thunder,Oklahoma City,8.5
405,Mike Muscala,Bucknell,"Jul 1, 1991",St. Louis Park,US,MN,Oklahoma City Thunder,Oklahoma City,19.7
406,Kenrich Williams,TCU,"Dec 2, 1994",Waco,US,TX,Oklahoma City Thunder,Oklahoma City,13.3
407,Jeremiah Robinson-Earl,Villanova,"Nov 3, 2000",Kansas City,US,MO,Oklahoma City Thunder,Oklahoma City,11.7
408,Armoni Brooks,Houston,"Jun 5, 1998",Waco,US,TX,Toronto Raptors,Toronto,8.4
409,O.G. Anunoby,Indiana,,,United Kingdom,,Toronto Raptors,Toronto,
410,Scottie Barnes,Florida State,"Aug 1, 2001",West Palm Beach,US,FL,Toronto Raptors,Toronto,16.3
411,Precious Achiuwa,Memphis,"Sep 19, 1999",Port Harcourt,NG,,Toronto Raptors,Toronto,12.7
412,Justin Champagnie,Pitt,"Jun 29, 2001",Brooklyn,US,NY,Toronto Raptors,Toronto,13.6
413,David Johnson,Louisville,"Feb 26, 2001",Louisville,US,KY,Toronto Raptors,Toronto,-20.0
414,Svi Mykhailiuk,Kansas,"Jun 10, 1997",Cherkasy,UA,,Toronto Raptors,Toronto,9.6
415,Isaac Bonga,,"Nov 8, 1999",Neuwied,DE,,Toronto Raptors,Toronto,8.7
416,Yuta Watanabe,George Washington,"Oct 13, 1994",Yokohama,JP,,Toronto Raptors,Toronto,11.5
417,Thaddeus Young,Georgia Tech,"Jun 21, 1988",New Orleans,US,LA,Toronto Raptors,Toronto,17.0
418,Malachi Flynn,"Washington State, San Diego State","May 10, 1998",Tacoma,US,WA,Toronto Raptors,Toronto,11.7
419,Fred VanVleet,Wichita State,"Feb 25, 1994",Rockford,US,IL,Toronto Raptors,Toronto,17.3
420,Khem Birch,"Pitt, UNLV","Sep 28, 1992",Montreal,CA,,Toronto Raptors,Toronto,13.2
421,Chris Boucher,Oregon,"Jan 11, 1993",Castries,LC,,Toronto Raptors,Toronto,17.9
422,Gary Trent Jr.,Duke,"Jan 18, 1999",Columbus,US,OH,Toronto Raptors,Toronto,14.7
423,Pascal Siakam,New Mexico State,"Apr 2, 1994",Douala,CM,,Toronto Raptors,Toronto,20.3
424,Dalano Banton,Nebraska,"Nov 7, 1999",Toronto,CA,,Toronto Raptors,Toronto,10.0
425,Eric Paschall,"Fordham, Villanova","Nov 4, 1996",North Tarrytown,US,NY,Utah Jazz,Utah,13.9
426,Jordan Clarkson,"Tulsa, Missouri","Jun 7, 1992",Tampa,US,FL,Utah Jazz,Utah,14.9
427,Trent Forrest,Florida State,"Jun 12, 1998",Dothan,US,AL,Utah Jazz,Utah,10.9
428,Nickeil Alexander-Walker,Virginia Tech,"Sep 2, 1998",Toronto,CA,,Utah Jazz,Utah,10.5
429,Rudy Gay,UConn,"Aug 17, 1986",Brooklyn,US,NY,Utah Jazz,Utah,13.0
430,Mike Conley,Ohio State,"Oct 11, 1987",Fayetteville,US,AR,Utah Jazz,Utah,17.2
431,Jared Butler,Baylor,"Aug 25, 2000",Reserve,US,LA,Utah Jazz,Utah,12.1
432,Xavier Sneed,Kansas State,"Dec 21, 1997",St. Louis,US,MO,Utah Jazz,Utah,0.4
433,Udoka Azubuike,Kansas,"Sep 17, 1999",Lagos,NG,,Utah Jazz,Utah,17.6
434,Hassan Whiteside,Marshall,"Jun 13, 1989",Gastonia,US,NC,Utah Jazz,Utah,22.9
435,Royce O'Neale,"Denver, Baylor","Jun 5, 1993",Killeen,US,TX,Utah Jazz,Utah,10.3
436,Danuel House Jr.,Texas A&M,"Jun 7, 1993",Houston,US,TX,Utah Jazz,Utah,10.6
437,Rudy Gobert,Cholet,"Jun 26, 1992",Saint-Quentin,FR,,Utah Jazz,Utah,24.7
438,Juancho Hernangomez,Estudiantes,"Sep 28, 1995",Madrid,ES,,Utah Jazz,Utah,
439,Bojan Bogdanovic,Fenerbahce,"Apr 18, 1989",Mostar,BA,,Utah Jazz,Utah,
440,Donovan Mitchell,Louisville,"Sep 7, 1996",Elmsford,US,NY,Utah Jazz,Utah,21.6
441,De'Anthony Melton,USC,"May 28, 1998",North Hollywood,US,CA,Memphis Grizzlies,Memphis,15.2
442,Kyle Anderson,UCLA,"Sep 20, 1993",Fairview,US,NJ,Memphis Grizzlies,Memphis,14.4
443,Xavier Tillman,Michigan State,,,USA,,Memphis Grizzlies,Memphis,
444,Tyrell Terry,Stanford,"Sep 28, 2000",Minneapolis,US,MN,Memphis Grizzlies,Memphis,20.0
445,Steven Adams,Pitt,"Jul 20, 1993",Rotorua,NZ,,Memphis Grizzlies,Memphis,17.6
446,Yves Pons,Tennessee,"May 7, 1999",Port-au-Prince,HT,,Memphis Grizzlies,Memphis,5.9
447,Santi Aldama,Loyola (MD),"Jan 10, 2001",Las Palmas,ES,,Memphis Grizzlies,Memphis,10.2
448,Ziaire Williams,Stanford,"Sep 12, 2001",Lancaster,US,CA,Memphis Grizzlies,Memphis,9.7
449,Ja Morant,Murray State,"Aug 10, 1999",Dalzell,US,SC,Memphis Grizzlies,Memphis,24.4
450,Jaren Jackson Jr.,Michigan State,"Sep 15, 1999",Plainfield,US,NJ,Memphis Grizzlies,Memphis,17.0
451,Brandon Clarke,"San Jose State, Gonzaga","Sep 19, 1996",Vancouver,CA,,Memphis Grizzlies,Memphis,23.7
452,Tyus Jones,Duke,"May 10, 1996",Burnsville,US,MN,Memphis Grizzlies,Memphis,16.5
453,Desmond Bane,TCU,"Jun 25, 1998",Richmond,US,IN,Memphis Grizzlies,Memphis,17.6
454,Jarrett Culver,Texas Tech,"Feb 20, 1999",Dallas,US,TX,Memphis Grizzlies,Memphis,8.7
455,Dillon Brooks,Oregon,"Jan 22, 1996",Mississauga,CA,,Memphis Grizzlies,Memphis,15.5
456,Killian Tillie,Gonzaga,"Mar 5, 1998",Cagnes-sur-Mer,FR,,Memphis Grizzlies,Memphis,7.6
457,John Konchar,Purdue-Fort Wayne,"Mar 22, 1996",Chicago,US,IL,Memphis Grizzlies,Memphis,14.0
458,Kentavious Caldwell-Pope,Georgia,"Feb 18, 1993",Thomaston,US,GA,Washington Wizards,Washington,12.6
459,Bradley Beal,Florida,"Jun 28, 1993",St. Louis,US,MO,Washington Wizards,Washington,17.5
460,Ish Smith,Wake Forest,"Jul 5, 1988",Charlotte,US,NC,Washington Wizards,Washington,12.5
461,Cassius Winston,Michigan State,"Feb 28, 1998",Detroit,US,MI,Washington Wizards,Washington,6.0
462,Kristaps Porzingis,,"Aug 2, 1995",Liepaja,LV,,Washington Wizards,Washington,
463,Rui Hachimura,Gonzaga,"Feb 8, 1998",Toyama,JP,,Washington Wizards,Washington,14.9
464,Deni Avdija,Maccabi Tel Aviv,"Jan 3, 2001",Beit Zera,IL,,Washington Wizards,Washington,11.6
465,Thomas Bryant,Indiana,"Jul 31, 1997",Rochester,US,NY,Washington Wizards,Washington,16.6
466,Isaiah Todd,NBA G League Ignite,"Oct 17, 2001",Baltimore,US,MD,Washington Wizards,Washington,4.7
467,Anthony Gill,"South Carolina, Virginia","Oct 17, 1992",High Point,US,NC,Washington Wizards,Washington,14.7
468,Raul Neto,Murcia,"May 19, 1992",Belo Horizonte,BR,,Washington Wizards,Washington,12.4
469,Jordan Schakel,San Diego State,"Jun 13, 1998",Torrance,US,CA,Washington Wizards,Washington,-1.2
470,Daniel Gafford,Arkansas,"Oct 1, 1998",El Dorado,US,AR,Washington Wizards,Washington,21.8
471,Vernon Carey Jr.,Duke,"Feb 25, 2001",Miami,US,FL,Washington Wizards,Washington,15.8
472,Corey Kispert,Gonzaga,"Mar 3, 1999",Edmonds,US,WA,Washington Wizards,Washington,10.9
473,Tomas Satoransky,FC Barcelona,"Oct 30, 1991",Prague,CZ,,Washington Wizards,Washington,
474,Kyle Kuzma,Utah,"Jul 24, 1995",Flint,US,MI,Washington Wizards,Washington,15.2
475,Cade Cunningham,Oklahoma State,"Sep 25, 2001",Arlington,US,TX,Detroit Pistons,Detroit,13.1
476,Carsen Edwards,Purdue,"Mar 12, 1998",Houston,US,TX,Detroit Pistons,Detroit,5.5
477,Frank Jackson,Duke,"May 4, 1998",Washington,US,DC,Detroit Pistons,Detroit,10.6
478,Hamidou Diallo,Kentucky,"Jul 31, 1998",Queens,US,NY,Detroit Pistons,Detroit,15.7
479,Killian Hayes,Ratiopharm Ulm,"Jul 27, 2001",Lakeland,US,FL,Detroit Pistons,Detroit,9.3
480,Jerami Grant,Syracuse,"Mar 12, 1994",Portland,US,OR,Detroit Pistons,Detroit,16.1
481,Isaiah Livers,Michigan,"Jul 28, 1998",Kalamazoo,US,MI,Detroit Pistons,Detroit,11.1
482,Kelly Olynyk,Gonzaga,"Apr 19, 1991",Toronto,CA,,Detroit Pistons,Detroit,16.7
483,Rodney McGruder,Kansas State,"Jul 29, 1991",Landover,US,MD,Detroit Pistons,Detroit,11.6
484,Braxton Key,"Alabama, Virginia","Feb 14, 1997",Charlotte,US,NC,Detroit Pistons,Detroit,13.7
485,Cory Joseph,Texas,"Aug 20, 1991",Toronto,CA,,Detroit Pistons,Detroit,11.4
486,Jamorko Pickett,Georgetown,"Dec 24, 1997",Washington,US,DC,Detroit Pistons,Detroit,7.6
487,Isaiah Stewart,Washington,"May 22, 2001",Rochester,US,NY,Detroit Pistons,Detroit,14.0
488,Marvin Bagley III,Duke,"Mar 14, 1999",Tempe,US,AZ,Detroit Pistons,Detroit,15.7
489,Saben Lee,Vanderbilt,"Jun 23, 1999",St. Louis,US,MO,Detroit Pistons,Detroit,13.8
490,Saddiq Bey,Villanova,"Apr 9, 1999",Charlotte,US,NC,Detroit Pistons,Detroit,14.0
491,Luka Garza,Iowa,"Dec 27, 1998",Washington,US,DC,Detroit Pistons,Detroit,15.6
492,Miles Bridges,Michigan State,"Mar 21, 1998",Flint,US,MI,Charlotte Hornets,Charlotte,17.9
493,LaMelo Ball,Illawarra,"Aug 22, 2001",Anaheim,US,CA,Charlotte Hornets,Charlotte,19.7
494,Terry Rozier,Louisville,"Mar 17, 1994",Youngstown,US,OH,Charlotte Hornets,Charlotte,17.6
495,Isaiah Thomas,Washington,"Feb 7, 1989",Tacoma,US,WA,Charlotte Hornets,Charlotte,12.0
496,James Bouknight,UConn,"Sep 18, 2000",Brooklyn,US,NY,Charlotte Hornets,Charlotte,10.1
497,Jalen McDaniels,San Diego State,"Jan 31, 1998",Federal Way,US,WA,Charlotte Hornets,Charlotte,12.7
498,Montrezl Harrell,Louisville,"Jan 26, 1994",Tarboro,US,NC,Charlotte Hornets,Charlotte,23.2
499,Cody Martin,"NC State, Nevada","Sep 28, 1995",Winston-Salem,US,NC,Charlotte Hornets,Charlotte,12.7
500,Kelly Oubre Jr.,Kansas,"Dec 9, 1995",New Orleans,US,LA,Charlotte Hornets,Charlotte,14.9
501,Nick Richards,Kentucky,"Nov 29, 1997",Kingston,JM,,Charlotte Hornets,Charlotte,15.9
502,Scottie Lewis,Florida,"Mar 12, 2000",Bronx,US,NY,Charlotte Hornets,Charlotte,14.6
503,Gordon Hayward,Butler,"Mar 23, 1990",Indianapolis,US,IN,Charlotte Hornets,Charlotte,15.1
504,JT Thor,Auburn,"Aug 26, 2002",Omaha,US,NE,Charlotte Hornets,Charlotte,9.7
505,Kai Jones,Texas,"Jan 19, 2001",Nassau,BS,,Charlotte Hornets,Charlotte,9.2
506,Mason Plumlee,Duke,"Mar 5, 1990",Fort Wayne,US,IN,Charlotte Hornets,Charlotte,14.7
507,P.J. Washington,Kentucky,"Aug 23, 1998",Louisville,US,KY,Charlotte Hornets,Charlotte,13.6
508,Arnoldas Kulboka,Bilbao,"Jan 4, 1998",Marijampoles,LT,,Charlotte Hornets,Charlotte,-10.7
